Country Code,IMF Country Code,Country,Indicator Type,Series Name,1970,1971,1972,1973,1974,1975,1976,1977,1978,1979,1980,1981,1982,1983,1984,1985,1986,1987,1988,1989,1990,1991,1992,1993,1994,1995,1996,1997,1998,1999,2000,2001,2002,2003,2004,2005,2006,2007,2008,2009,2010,2011,2012,2013,2014,2015,2016,2017,2018,2019,2020,2021,2022,,Note,,,,,,,,,,,,,,,,,,,,,,,,,,,,,,,,,,,,,,,,,,,,,,,,,,,,,,,,,,,,,,,,,,,,,,,,,,,,,,,,,,,,,,,,,,,,,,,,,,,,,,,,,,,
AFG,512,Afghanistan,Inflation,Official Core Consumer Price Inflation,,,,,,,,,,,,,,,,,,,,,,,,,,,,,,,,,,,15.3,10.3,7.7,5.0,8.7,4.7,5.0,14.8,7.9,6.8,2.7,0.2,5.2,5.4,-0.1,,,,,,All Items Excluding Food and Energy,Additional country compared to the previous update,,,,,,,,,,,,,,,,,,,,,,,,,,,,,,,,,,,,,,,,,,,,,,,,,,,,,,,,,,,,,,,,,,,,,,,,,,,,,,,,,,,,,,,,,,,,,,,,,,,,,,,,,,
ALB,914,Albania,Inflation,Official Core Consumer Price Inflation,,,,,,,,,,,,,,,,,,,,,,,,,,,,,,,,,,,,,,,,1.57,1.83,3.25,1.71,0.19,0.10,-0.16,0.15,0.82,0.93,0.74,1.41,1.68,6.50,,All Items Excluding Food and Energy,,,,,,,,,,,,,,,,,,,,,,,,,,,,,,,,,,,,,,,,,,,,,,,,,,,,,,,,,,,,,,,,,,,,,,,,,,,,,,,,,,,,,,,,,,,,,,,,,,,,,,,,,,,
AUS,193,Australia,Inflation,Official Core Consumer Price Inflation,5.028,-10.91,6.34,8.56,15.55,15.99,13.71,12.73,7.61,7.69,9.32,9.17,11.92,9.81,-8.60,-29.92,-10.70,25.94,7.48,7.49,-4.68,61.44,0.97,1.69,2.01,4.66,2.61,-0.16,-23.18,1.22,4.39,-9.84,4.77,26.14,2.18,2.39,-12.31,31.31,3.83,2.12,58.17,2.45,2.11,1.13,2.57,2.33,27.38,5.54,1.54,1.49,0.44,1.41,5.52,,All Items Excluding Food and Energy,,,,,,,,,,,,,,,,,,,,,,,,,,,,,,,,,,,,,,,,,,,,,,,,,,,,,,,,,,,,,,,,,,,,,,,,,,,,,,,,,,,,,,,,,,,,,,,,,,,,,,,,,,,
AUT,122,Austria,Inflation,Official Core Consumer Price Inflation,3.684,5.19,6.37,7.38,9.84,9.35,10.17,6.08,3.74,3.78,5.51,5.24,5.74,4.28,5.46,3.66,3.65,2.10,2.65,2.70,2.89,3.41,4.34,4.27,3.26,2.28,1.51,1.10,1.20,0.73,1.66,2.61,2.16,1.41,1.78,1.69,0.92,1.62,1.94,1.77,1.41,2.35,2.09,2.07,1.98,1.85,1.47,1.97,1.81,1.65,1.90,2.15,5.48,,All Items Excluding Food and Energy,,,,,,,,,,,,,,,,,,,,,,,,,,,,,,,,,,,,,,,,,,,,,,,,,,,,,,,,,,,,,,,,,,,,,,,,,,,,,,,,,,,,,,,,,,,,,,,,,,,,,,,,,,,
ARM,911,Armenia,Inflation,Official Core Consumer Price Inflation,,,,,,,,,,,,,,,,,,,,,,,,,,,,,,,-2.96,1.01,0.14,2.50,4.92,0.79,2.71,3.78,11.75,3.69,7.49,8.63,5.26,5.85,1.88,5.14,-2.02,0.70,3.70,1.17,1.30,7.23,8.28,,All Items Excluding Food and Energy,Additional country compared to the previous update,,,,,,,,,,,,,,,,,,,,,,,,,,,,,,,,,,,,,,,,,,,,,,,,,,,,,,,,,,,,,,,,,,,,,,,,,,,,,,,,,,,,,,,,,,,,,,,,,,,,,,,,,,
AZE,912,Azerbaijan,Inflation,Official Core Consumer Price Inflation,,,,,,,,,,,,,,,,,,,,,,,,,,,,,,,,,,,,,,6.32,5.97,-12.94,4.01,-0.52,-1.62,0.42,0.16,3.98,4.14,-0.09,-0.09,-1.84,,,,,All Items Excluding Food and Energy,Additional country compared to the previous update,,,,,,,,,,,,,,,,,,,,,,,,,,,,,,,,,,,,,,,,,,,,,,,,,,,,,,,,,,,,,,,,,,,,,,,,,,,,,,,,,,,,,,,,,,,,,,,,,,,,,,,,,,
BEL,124,Belgium,Inflation,Official Core Consumer Price Inflation,5.294,1.03,1.64,18.25,-3.59,-6.48,5.99,7.96,6.15,4.17,-9.19,22.97,7.12,8.37,6.09,11.80,5.72,3.74,2.29,2.62,2.87,4.20,3.55,3.49,2.66,1.76,1.88,-5.34,1.76,1.31,1.83,2.15,-8.18,24.44,1.87,2.14,0.61,1.63,1.94,1.94,1.40,1.81,2.24,1.35,1.57,1.37,1.96,1.52,1.31,3.77,1.48,1.61,4.56,,All Items Excluding Food and Energy,,,,,,,,,,,,,,,,,,,,,,,,,,,,,,,,,,,,,,,,,,,,,,,,,,,,,,,,,,,,,,,,,,,,,,,,,,,,,,,,,,,,,,,,,,,,,,,,,,,,,,,,,,,
BGR,918,Bulgaria,Inflation,Official Core Consumer Price Inflation,,,,,,,,,,,,,,,,,,,,,,,,,,,,,,,1.13,2.07,2.06,1.67,1.42,1.37,1.62,1.90,2.72,2.03,1.14,1.79,2.06,1.79,1.58,1.62,2.02,1.59,1.60,1.55,1.50,1.39,,,All Items Excluding Food and Energy,Additional country compared to the previous update,,,,,,,,,,,,,,,,,,,,,,,,,,,,,,,,,,,,,,,,,,,,,,,,,,,,,,,,,,,,,,,,,,,,,,,,,,,,,,,,,,,,,,,,,,,,,,,,,,,,,,,,,,
BLR,913,Belarus,Inflation,Official Core Consumer Price Inflation,,,,,,,,,,,,,,,,,,,,,,,,,,,,,,,,,,,17.28,10.07,5.00,6.45,12.33,12.60,6.69,58.59,58.33,13.65,14.27,12.18,10.92,5.37,3.58,4.63,4.62,9.34,16.46,,All Items Excluding Food and Energy,,,,,,,,,,,,,,,,,,,,,,,,,,,,,,,,,,,,,,,,,,,,,,,,,,,,,,,,,,,,,,,,,,,,,,,,,,,,,,,,,,,,,,,,,,,,,,,,,,,,,,,,,,,
BRA,223,Brazil,Inflation,Official Core Consumer Price Inflation,,,,,,,,,,,,,,,,,,,,,,,962.32,1916.42,2068.59,71.30,18.03,7.24,2.70,4.13,5.61,5.83,8.38,13.08,7.92,7.45,4.52,3.56,4.92,5.18,5.03,6.48,5.60,5.81,6.49,8.61,7.61,4.47,3.28,3.52,2.23,5.10,8.76,,All Items Excluding Food and Energy,,,,,,,,,,,,,,,,,,,,,,,,,,,,,,,,,,,,,,,,,,,,,,,,,,,,,,,,,,,,,,,,,,,,,,,,,,,,,,,,,,,,,,,,,,,,,,,,,,,,,,,,,,,
CAN,156,Canada,Inflation,Official Core Consumer Price Inflation,3.60821,2.87,4.76,6.33,10.01,10.17,7.99,7.54,7.64,8.36,9.49,11.12,10.70,6.18,3.88,4.05,5.29,4.49,4.70,5.43,4.46,6.23,2.05,1.93,0.14,2.15,1.51,1.61,1.40,1.48,1.68,2.09,2.68,2.42,1.34,1.36,1.27,2.04,1.06,1.69,1.34,1.43,1.35,0.83,1.56,2.55,2.02,1.78,2.02,2.29,1.29,2.40,5.06,,All Items Excluding Food and Energy,,,,,,,,,,,,,,,,,,,,,,,,,,,,,,,,,,,,,,,,,,,,,,,,,,,,,,,,,,,,,,,,,,,,,,,,,,,,,,,,,,,,,,,,,,,,,,,,,,,,,,,,,,,
CHE,146,Switzerland,Inflation,Official Core Consumer Price Inflation,3.435,6.41,7.25,8.81,8.79,7.25,2.25,1.39,0.92,1.66,3.24,5.40,5.80,3.70,2.80,3.53,2.66,2.06,2.16,3.19,5.33,2.37,1.14,3.79,1.01,1.98,0.90,0.35,0.18,0.03,0.91,1.03,0.63,-0.78,0.80,0.82,0.71,0.63,1.45,1.09,0.22,2.61,0.27,-0.85,-0.01,-0.35,-0.33,0.29,0.37,0.46,-0.25,0.36,1.72,,All Items Excluding Food and Energy,,,,,,,,,,,,,,,,,,,,,,,,,,,,,,,,,,,,,,,,,,,,,,,,,,,,,,,,,,,,,,,,,,,,,,,,,,,,,,,,,,,,,,,,,,,,,,,,,,,,,,,,,,,
CHL,228,Chile,Inflation,Official Core Consumer Price Inflation,,,,,,,,,,,,,,,,,,,,,,,,,6.38,2.54,10.24,,,3.81,3.12,3.32,2.68,1.63,1.22,2.38,2.99,2.35,5.18,1.16,0.53,1.25,2.21,1.49,3.59,4.67,4.00,2.03,1.72,2.21,2.29,3.82,8.94,,All Items Excluding Food and Energy,,,,,,,,,,,,,,,,,,,,,,,,,,,,,,,,,,,,,,,,,,,,,,,,,,,,,,,,,,,,,,,,,,,,,,,,,,,,,,,,,,,,,,,,,,,,,,,,,,,,,,,,,,,
CHN,924,China,Inflation,Official Core Consumer Price Inflation,,,,,,,,,,,,,,,,,,,,,,,,,,,,,,,,,,,,,0.61,0.87,0.97,-1.11,0.97,2.12,1.43,1.69,1.60,1.56,1.64,2.20,1.78,1.70,0.73,0.83,0.66,,All Items Excluding Food and Energy,,,,,,,,,,,,,,,,,,,,,,,,,,,,,,,,,,,,,,,,,,,,,,,,,,,,,,,,,,,,,,,,,,,,,,,,,,,,,,,,,,,,,,,,,,,,,,,,,,,,,,,,,,,
CMR,622,Cameroon,Inflation,Official Core Consumer Price Inflation,,,,,,,,,,,,,,,,,,,,,,,,,,,,,,,,,,,,,,,,,,,,1.62,1.74,2.50,0.65,0.78,1.02,2.25,2.01,1.53,4.32,,All Items Excluding Food and Energy,,,,,,,,,,,,,,,,,,,,,,,,,,,,,,,,,,,,,,,,,,,,,,,,,,,,,,,,,,,,,,,,,,,,,,,,,,,,,,,,,,,,,,,,,,,,,,,,,,,,,,,,,,,
COL,233,Colombia,Inflation,Official Core Consumer Price Inflation,,,,,,,,,,,,,,,,,,,,,,,7.42,11.85,8.75,15.51,22.10,19.53,17.11,13.57,7.70,7.69,5.78,6.44,5.66,4.62,3.72,5.79,5.61,4.66,2.83,2.88,3.31,2.48,2.77,4.19,6.58,5.06,3.35,3.44,2.25,2.07,6.50,,All Items Excluding Food and Energy,,,,,,,,,,,,,,,,,,,,,,,,,,,,,,,,,,,,,,,,,,,,,,,,,,,,,,,,,,,,,,,,,,,,,,,,,,,,,,,,,,,,,,,,,,,,,,,,,,,,,,,,,,,
CRI,238,Costa Rica,Inflation,Official Core Consumer Price Inflation,,,,,,,,,,,,,,,,,,,,,,,,,,,17.27,13.44,11.40,10.64,10.91,10.58,8.81,9.77,9.54,10.41,10.81,7.94,12.46,9.76,5.14,4.58,4.63,5.31,4.34,1.81,0.14,1.24,2.10,2.38,1.31,0.88,4.54,,All Items Excluding Food and Energy,,,,,,,,,,,,,,,,,,,,,,,,,,,,,,,,,,,,,,,,,,,,,,,,,,,,,,,,,,,,,,,,,,,,,,,,,,,,,,,,,,,,,,,,,,,,,,,,,,,,,,,,,,,
CYP,423,Cyprus,Inflation,Official Core Consumer Price Inflation,5.141069412,4.48,3.13,13.30,,,,,,,,,-13.72,,,,,,,,-5.55,9.56,,,11.23,-22.20,,2.50,3.07,1.54,2.83,1.59,2.10,3.12,0.81,0.79,0.76,1.70,2.69,2.14,0.40,1.76,1.70,0.40,0.23,-0.34,-0.66,-0.03,0.06,0.63,-0.62,1.03,,,All Items Excluding Food and Energy,Additional country compared to the previous update,,,,,,,,,,,,,,,,,,,,,,,,,,,,,,,,,,,,,,,,,,,,,,,,,,,,,,,,,,,,,,,,,,,,,,,,,,,,,,,,,,,,,,,,,,,,,,,,,,,,,,,,,,
CZE,935,Czech Republic,Inflation,Official Core Consumer Price Inflation,,,,,,,,,,,,,,,,,,,,,,,,,,,7.99,7.57,7.86,0.02,1.94,2.45,0.56,-0.01,1.50,0.49,0.67,1.46,2.11,-0.84,0.09,1.07,0.78,0.06,0.75,0.15,0.51,2.57,1.86,2.22,3.63,4.99,12.21,,All Items Excluding Food and Energy,,,,,,,,,,,,,,,,,,,,,,,,,,,,,,,,,,,,,,,,,,,,,,,,,,,,,,,,,,,,,,,,,,,,,,,,,,,,,,,,,,,,,,,,,,,,,,,,,,,,,,,,,,,
DEU,134,Germany,Inflation,Official Core Consumer Price Inflation,3.631961,5.52,5.49,6.39,6.82,5.72,3.99,3.71,3.00,3.31,5.28,5.77,4.79,3.83,2.49,2.14,0.84,1.21,1.79,2.71,2.53,3.86,5.63,5.43,2.80,2.02,1.61,1.96,1.21,0.62,0.83,0.83,1.56,0.94,1.71,1.06,1.13,1.94,1.44,1.27,0.71,0.92,1.28,1.26,1.37,1.67,1.21,1.23,1.31,1.49,0.96,2.13,3.93,,All Items Excluding Food and Energy,,,,,,,,,,,,,,,,,,,,,,,,,,,,,,,,,,,,,,,,,,,,,,,,,,,,,,,,,,,,,,,,,,,,,,,,,,,,,,,,,,,,,,,,,,,,,,,,,,,,,,,,,,,
DJI,611,Djibouti,Inflation,Official Core Consumer Price Inflation,,,,,,,,,,,,,,,,,,-5.95,4.46,3.57,5.75,9.24,4.06,-19.20,-0.79,-0.60,10.50,-7.60,1.67,-8.19,,,,,,,,,,,,,,,,1.98,-2.63,0.19,-0.27,0.13,1.75,-0.30,,,All Items Excluding Food and Energy,,,,,,,,,,,,,,,,,,,,,,,,,,,,,,,,,,,,,,,,,,,,,,,,,,,,,,,,,,,,,,,,,,,,,,,,,,,,,,,,,,,,,,,,,,,,,,,,,,,,,,,,,,,
DNK,128,Denmark,Inflation,Official Core Consumer Price Inflation,-5.943670273,5.56,6.36,16.41,14.05,9.63,34.74,10.49,10.61,8.87,10.37,10.19,9.84,8.06,6.48,-1.95,-1.60,-14.04,5.17,4.71,3.38,2.96,2.55,1.76,2.00,1.93,1.80,1.85,1.63,2.48,2.16,2.20,2.52,2.32,1.30,1.38,1.40,1.41,13.46,2.26,1.84,1.81,1.90,1.21,0.87,-19.08,2.05,14.47,0.65,0.76,0.93,1.20,4.03,,All Items Excluding Food and Energy,,,,,,,,,,,,,,,,,,,,,,,,,,,,,,,,,,,,,,,,,,,,,,,,,,,,,,,,,,,,,,,,,,,,,,,,,,,,,,,,,,,,,,,,,,,,,,,,,,,,,,,,,,,
DOM,243,Dominican Republic,Inflation,Official Core Consumer Price Inflation,,,,,,,,,,,,,,,,,,,,,,,,,,,,,,,,7.76,4.84,23.72,47.11,4.90,5.09,4.58,7.22,5.18,3.46,5.54,3.71,4.88,3.24,2.23,1.68,2.18,2.58,2.14,3.63,5.92,6.99,,All Items Excluding Food and Energy,,,,,,,,,,,,,,,,,,,,,,,,,,,,,,,,,,,,,,,,,,,,,,,,,,,,,,,,,,,,,,,,,,,,,,,,,,,,,,,,,,,,,,,,,,,,,,,,,,,,,,,,,,,
EGY,469,"Egypt, Arab Rep.",Inflation,Official Core Consumer Price Inflation,,,,,,,,,,,,,,,,,,,,,,,,,,,,,,,,,,,,,6.22,7.94,18.94,8.51,7.03,8.28,6.15,9.03,9.21,6.94,13.39,30.64,10.12,5.73,2.33,4.38,14.98,,All Items Excluding unprocessed food and energy,,,,,,,,,,,,,,,,,,,,,,,,,,,,,,,,,,,,,,,,,,,,,,,,,,,,,,,,,,,,,,,,,,,,,,,,,,,,,,,,,,,,,,,,,,,,,,,,,,,,,,,,,,,
ESP,184,Spain,Inflation,Official Core Consumer Price Inflation,,,,,9.33,,14.91,26.41,21.58,19.07,15.55,12.49,14.75,12.30,10.73,9.19,27.86,6.59,6.08,6.84,6.67,-14.97,6.92,5.86,4.41,4.52,11.00,2.60,2.55,2.46,43.94,-22.07,2.84,2.90,35.36,2.48,2.75,44.43,1.04,-3.83,0.57,1.30,24.55,1.08,-0.05,0.52,0.84,1.13,0.93,0.96,0.57,0.57,3.68,,All Items Excluding Food and Energy,,,,,,,,,,,,,,,,,,,,,,,,,,,,,,,,,,,,,,,,,,,,,,,,,,,,,,,,,,,,,,,,,,,,,,,,,,,,,,,,,,,,,,,,,,,,,,,,,,,,,,,,,,,
EST,939,Estonia,Inflation,Official Core Consumer Price Inflation,,,,,,,,,,,,,,,,,,,,,,,,,,,,,10.06,5.82,3.89,4.09,2.92,2.41,1.22,1.87,3.31,5.43,6.46,1.87,0.75,2.30,2.20,1.41,1.00,1.42,1.33,2.12,2.30,2.12,0.15,2.78,9.71,,All Items Excluding Food and Energy,,,,,,,,,,,,,,,,,,,,,,,,,,,,,,,,,,,,,,,,,,,,,,,,,,,,,,,,,,,,,,,,,,,,,,,,,,,,,,,,,,,,,,,,,,,,,,,,,,,,,,,,,,,
ETH,644,Ethiopia,Inflation,Official Core Consumer Price Inflation,1.242172241,5.13,2.87,5.21,9.77,5.34,5.49,7.87,11.10,8.51,12.34,9.51,,,,,,,,,,,,,,,,,,,,,,,,,,,,,,,,,,,,,,,,,,,All Items Excluding Food and Energy,,,,,,,,,,,,,,,,,,,,,,,,,,,,,,,,,,,,,,,,,,,,,,,,,,,,,,,,,,,,,,,,,,,,,,,,,,,,,,,,,,,,,,,,,,,,,,,,,,,,,,,,,,,
FIN,172,Finland,Inflation,Official Core Consumer Price Inflation,2.542375088,6.26,6.21,10.50,14.93,17.50,14.37,10.46,8.85,8.33,10.25,10.22,9.01,9.29,7.66,4.94,3.48,4.62,6.50,7.54,6.52,4.77,3.58,2.20,1.54,2.90,0.28,1.09,1.59,1.23,2.56,2.62,1.54,0.61,-0.21,0.19,1.27,2.64,2.55,0.40,1.19,2.04,2.27,0.98,1.46,0.56,0.96,0.66,0.68,0.83,0.50,1.73,4.16,,All Items Excluding Food and Energy,,,,,,,,,,,,,,,,,,,,,,,,,,,,,,,,,,,,,,,,,,,,,,,,,,,,,,,,,,,,,,,,,,,,,,,,,,,,,,,,,,,,,,,,,,,,,,,,,,,,,,,,,,,
FRA,132,France,Inflation,Official Core Consumer Price Inflation,-1.114381313,-17.58,5.96,7.07,12.15,-1.84,9.19,8.53,9.36,-15.14,13.14,12.50,11.27,9.47,23.59,5.66,4.15,3.97,3.13,3.19,3.07,3.41,3.16,2.64,1.86,1.91,1.92,1.13,2.13,0.30,0.79,-21.75,1.79,2.10,2.17,1.54,1.29,-11.35,14.63,-11.68,17.02,1.10,1.35,0.87,1.00,0.55,0.42,8.94,1.01,0.74,0.97,0.96,2.77,,All Items Excluding Food and Energy,,,,,,,,,,,,,,,,,,,,,,,,,,,,,,,,,,,,,,,,,,,,,,,,,,,,,,,,,,,,,,,,,,,,,,,,,,,,,,,,,,,,,,,,,,,,,,,,,,,,,,,,,,,
GBR,112,United Kingdom,Inflation,Official Core Consumer Price Inflation,-3.41356039,9.11,6.83,8.62,13.83,22.05,15.50,15.50,9.60,13.21,18.23,11.11,8.21,4.42,5.22,6.86,4.53,4.80,5.59,8.30,9.70,5.79,4.11,1.39,2.51,3.33,2.15,1.88,1.44,0.74,0.08,1.07,1.48,1.28,1.07,1.44,1.70,1.90,1.90,1.60,2.00,2.80,2.10,1.90,1.60,1.30,1.60,2.30,1.90,1.70,1.50,2.30,5.34,,All Items Excluding ex Reg Pr & Fuel for Veh & Home,,,,,,,,,,,,,,,,,,,,,,,,,,,,,,,,,,,,,,,,,,,,,,,,,,,,,,,,,,,,,,,,,,,,,,,,,,,,,,,,,,,,,,,,,,,,,,,,,,,,,,,,,,,
GHA,652,Ghana,Inflation,Official Core Consumer Price Inflation,,,,,,,,,,,,,,,,,,,,,,,,,,,,,,,,,,,,,,,,,,,,,14.80,23.77,22.21,16.51,12.33,,,,,,All Items Excluding Food and Energy,,,,,,,,,,,,,,,,,,,,,,,,,,,,,,,,,,,,,,,,,,,,,,,,,,,,,,,,,,,,,,,,,,,,,,,,,,,,,,,,,,,,,,,,,,,,,,,,,,,,,,,,,,,
GRC,174,Greece,Inflation,Official Core Consumer Price Inflation,9.395973206,2.70,4.56,15.42,24.06,14.27,12.73,11.83,12.00,19.33,23.75,22.67,20.87,20.88,18.50,19.35,1.56,17.60,14.27,12.79,18.49,7.68,16.79,16.01,-12.51,30.31,8.55,7.30,5.98,3.61,2.16,3.35,3.42,5.93,3.18,3.16,2.45,2.74,6.95,2.23,3.39,1.88,0.20,-2.02,-1.24,-1.01,-1.13,0.45,22.30,-2.43,-0.67,-0.62,3.34,,All Items Excluding Food and Energy,,,,,,,,,,,,,,,,,,,,,,,,,,,,,,,,,,,,,,,,,,,,,,,,,,,,,,,,,,,,,,,,,,,,,,,,,,,,,,,,,,,,,,,,,,,,,,,,,,,,,,,,,,,
GTM,258,Guatemala,Inflation,Official Core Consumer Price Inflation,-3.365307093,10.88,0.65,5.97,26.99,14.05,9.80,3.16,1.60,15.19,19.00,10.06,3.22,5.47,4.72,20.54,11.77,,,,,,,,,,,,,,,,6.79,4.71,5.71,6.65,5.10,4.85,8.14,2.67,2.49,4.70,3.93,3.78,3.16,3.19,3.12,2.96,2.72,3.04,2.41,3.00,4.33,,All Items Excluding Food and Energy,,,,,,,,,,,,,,,,,,,,,,,,,,,,,,,,,,,,,,,,,,,,,,,,,,,,,,,,,,,,,,,,,,,,,,,,,,,,,,,,,,,,,,,,,,,,,,,,,,,,,,,,,,,
HKG,532,"Hong Kong SAR, China",Inflation,Official Core Consumer Price Inflation,,,,,,,,,,,,,,,,,,,,,,,,,,,,,,,,,,,,,1.73,1.48,2.74,1.84,0.72,5.00,3.89,4.26,4.22,2.61,2.11,1.30,1.88,2.34,-0.21,0.61,0.69,,All Items Excluding Food and Energy,,,,,,,,,,,,,,,,,,,,,,,,,,,,,,,,,,,,,,,,,,,,,,,,,,,,,,,,,,,,,,,,,,,,,,,,,,,,,,,,,,,,,,,,,,,,,,,,,,,,,,,,,,,
HND,268,Honduras,Inflation,Official Core Consumer Price Inflation,,,,,,,,,,,,,,,,,,,,,,,,,,,,,,,,,8.42,7.70,7.64,7.88,5.99,6.59,9.91,7.18,3.96,5.58,6.15,5.69,5.93,4.83,3.55,3.96,3.85,4.04,3.98,4.59,8.02,,All Items Excluding Food and Energy,,,,,,,,,,,,,,,,,,,,,,,,,,,,,,,,,,,,,,,,,,,,,,,,,,,,,,,,,,,,,,,,,,,,,,,,,,,,,,,,,,,,,,,,,,,,,,,,,,,,,,,,,,,
HRV,960,Croatia,Inflation,Official Core Consumer Price Inflation,,,,,,,,,,,,,,,,,,,,,,,,,,,,,,4.90,2.82,3.16,2.91,1.82,2.28,1.96,3.45,3.23,3.45,3.57,0.48,0.60,0.96,1.04,0.44,0.73,0.14,0.71,0.86,0.91,1.00,1.61,9.14,,All Items Excluding Food and Energy,,,,,,,,,,,,,,,,,,,,,,,,,,,,,,,,,,,,,,,,,,,,,,,,,,,,,,,,,,,,,,,,,,,,,,,,,,,,,,,,,,,,,,,,,,,,,,,,,,,,,,,,,,,
HUN,944,Hungary,Inflation,Official Core Consumer Price Inflation,,,,,,,,,,,,,,,,,,,,,,35.79,24.88,21.00,18.32,26.56,22.89,16.53,13.45,9.42,8.15,9.40,5.84,4.53,5.70,2.06,2.23,5.30,5.08,4.12,2.99,2.73,5.07,3.33,2.17,1.21,1.39,2.32,2.48,3.78,3.05,4.55,10.25,,All Items Excluding Food and Energy,,,,,,,,,,,,,,,,,,,,,,,,,,,,,,,,,,,,,,,,,,,,,,,,,,,,,,,,,,,,,,,,,,,,,,,,,,,,,,,,,,,,,,,,,,,,,,,,,,,,,,,,,,,
IDN,536,Indonesia,Inflation,Official Core Consumer Price Inflation,,,,,,,,,,,,,,,,,,,,,,,,,,,,,,,,,,,,,,,,5.72,4.04,4.56,4.28,4.20,4.53,4.89,3.35,3.15,2.81,3.00,2.26,1.39,2.76,,All Items Excluding unprocessed food and energy,,,,,,,,,,,,,,,,,,,,,,,,,,,,,,,,,,,,,,,,,,,,,,,,,,,,,,,,,,,,,,,,,,,,,,,,,,,,,,,,,,,,,,,,,,,,,,,,,,,,,,,,,,,
IND,534,India,Inflation,Official Core Consumer Price Inflation,,,,,,,,,,,,,,,,,,,,,,,,,,,,,,,,,,,,,,,,,,,9.38,7.63,6.40,5.24,5.01,4.41,5.69,4.70,4.61,5.93,6.09,,All Items Excluding Food and Energy,,,,,,,,,,,,,,,,,,,,,,,,,,,,,,,,,,,,,,,,,,,,,,,,,,,,,,,,,,,,,,,,,,,,,,,,,,,,,,,,,,,,,,,,,,,,,,,,,,,,,,,,,,,
IRL,178,Ireland,Inflation,Official Core Consumer Price Inflation,,,,,,,18.36,12.61,7.67,12.65,19.47,21.26,18.56,11.25,-23.82,5.78,4.56,3.63,2.22,3.91,3.84,3.90,3.83,41.21,2.18,2.59,-3.84,1.43,2.24,1.30,5.67,-11.05,17.00,3.92,2.37,2.45,4.17,5.87,3.26,-4.34,-1.22,26.63,-2.24,0.66,0.93,-12.55,0.96,0.33,0.14,1.13,0.27,1.80,4.69,,All Items Excluding Food and Energy,,,,,,,,,,,,,,,,,,,,,,,,,,,,,,,,,,,,,,,,,,,,,,,,,,,,,,,,,,,,,,,,,,,,,,,,,,,,,,,,,,,,,,,,,,,,,,,,,,,,,,,,,,,
IRN,429,"Iran, Islamic Rep.",Inflation,Official Core Consumer Price Inflation,,,,,,,,,,,,,,,,,,,,,,,,,,,,,,,,2.22,3.06,,,,,,,,,,,33.31,17.68,12.20,7.11,5.99,17.15,33.81,33.07,37.24,35.85,,All Items Excluding Food and Energy,,,,,,,,,,,,,,,,,,,,,,,,,,,,,,,,,,,,,,,,,,,,,,,,,,,,,,,,,,,,,,,,,,,,,,,,,,,,,,,,,,,,,,,,,,,,,,,,,,,,,,,,,,,
IRQ,433,Iraq,Inflation,Official Core Consumer Price Inflation,,,,,,,,,,,,,,,,,,,,,,,,,,,,,,,,,,,,30.82,31.71,19.26,13.01,5.12,2.89,6.46,5.60,2.39,1.64,1.67,-0.19,0.44,0.14,-0.07,0.99,6.42,4.77,,All Items Excluding Food and Energy,Additional country compared to the previous update,,,,,,,,,,,,,,,,,,,,,,,,,,,,,,,,,,,,,,,,,,,,,,,,,,,,,,,,,,,,,,,,,,,,,,,,,,,,,,,,,,,,,,,,,,,,,,,,,,,,,,,,,,
ISL,176,Iceland,Inflation,Official Core Consumer Price Inflation,,,,,,-42.67,84.40,,,,,,,,,-1.20,,,,,,,,3.68,2.53,1.49,1.88,1.12,1.92,3.26,4.73,6.55,6.17,3.03,3.21,5.05,6.29,6.55,11.40,11.39,4.68,2.61,4.59,4.10,2.73,2.09,2.16,2.43,2.53,2.93,2.89,4.38,7.79,,All Items Excluding Fruits & Veg & Regulated Items,,,,,,,,,,,,,,,,,,,,,,,,,,,,,,,,,,,,,,,,,,,,,,,,,,,,,,,,,,,,,,,,,,,,,,,,,,,,,,,,,,,,,,,,,,,,,,,,,,,,,,,,,,,
ISR,436,Israel,Inflation,Official Core Consumer Price Inflation,,11.67,14.63,20.17,36.34,36.15,32.31,32.39,52.22,78.15,114.95,125.13,121.61,145.39,368.60,299.84,51.64,22.57,16.18,18.45,18.12,20.10,12.10,12.10,13.23,10.12,10.89,8.82,5.41,4.54,0.31,1.03,5.95,-0.27,-1.21,0.11,1.43,0.05,2.82,4.25,2.86,2.96,1.26,0.88,0.76,0.50,0.05,-0.02,0.68,0.90,-0.14,1.25,3.94,,All Items Excluding Food and Energy,,,,,,,,,,,,,,,,,,,,,,,,,,,,,,,,,,,,,,,,,,,,,,,,,,,,,,,,,,,,,,,,,,,,,,,,,,,,,,,,,,,,,,,,,,,,,,,,,,,,,,,,,,,
ITA,136,Italy,Inflation,Official Core Consumer Price Inflation,17.15182304,5.81,5.65,10.48,16.52,16.88,35.28,-20.30,12.50,15.31,40.72,18.21,17.01,10.57,11.26,9.58,6.98,5.39,5.54,6.38,6.18,5.83,5.65,5.32,4.17,5.05,4.09,2.59,-12.36,-3.55,9.69,10.14,-22.89,2.48,2.13,2.05,1.73,1.91,35.20,-13.39,13.78,-3.33,1.75,1.12,0.83,0.68,-28.62,0.69,0.61,0.60,0.49,0.80,2.92,,All Items Excluding Food and Energy,,,,,,,,,,,,,,,,,,,,,,,,,,,,,,,,,,,,,,,,,,,,,,,,,,,,,,,,,,,,,,,,,,,,,,,,,,,,,,,,,,,,,,,,,,,,,,,,,,,,,,,,,,,
JOR,439,Jordan,Inflation,Official Core Consumer Price Inflation,,,,,,,,,,,,,,,,,,,,,,,,,,,,,,,,,,,,,,3.18,9.51,-0.84,4.88,4.52,4.48,4.15,4.16,-0.69,0.61,4.74,4.60,1.04,0.18,1.77,3.22,,All Items Excluding Food and Energy,,,,,,,,,,,,,,,,,,,,,,,,,,,,,,,,,,,,,,,,,,,,,,,,,,,,,,,,,,,,,,,,,,,,,,,,,,,,,,,,,,,,,,,,,,,,,,,,,,,,,,,,,,,
JPN,158,Japan,Inflation,Official Core Consumer Price Inflation,6.876436,7.01,5.60,11.50,20.62,11.33,9.78,8.55,5.32,3.91,5.90,4.73,3.00,2.45,2.77,2.59,1.68,1.26,1.01,2.50,2.65,2.72,2.45,1.41,0.88,0.40,0.38,1.70,0.71,-0.13,-0.49,-0.88,-0.77,-0.30,-0.39,-0.31,-0.23,-0.14,0.35,-0.78,-1.10,-0.75,-0.49,-0.09,1.98,1.02,0.40,-0.07,0.19,0.45,0.11,-0.73,0.34,,All Items Excluding Food and Energy,,,,,,,,,,,,,,,,,,,,,,,,,,,,,,,,,,,,,,,,,,,,,,,,,,,,,,,,,,,,,,,,,,,,,,,,,,,,,,,,,,,,,,,,,,,,,,,,,,,,,,,,,,,
KAZ,916,Kazakhstan,Inflation,Official Core Consumer Price Inflation,,,,,,,,,,,,,,,,,,,,,,,,,,,,,,,,,,5.08,7.20,6.82,7.65,10.16,17.85,8.21,6.48,8.05,5.55,4.32,6.71,7.67,15.40,6.96,6.19,7.42,7.43,7.99,15.13,,All Items Excluding Food and Energy,Additional country compared to the previous update,,,,,,,,,,,,,,,,,,,,,,,,,,,,,,,,,,,,,,,,,,,,,,,,,,,,,,,,,,,,,,,,,,,,,,,,,,,,,,,,,,,,,,,,,,,,,,,,,,,,,,,,,,
KGZ,917,Kyrgyz Republic,Inflation,Official Core Consumer Price Inflation,,,,,,,,,,,,,,,,,,,,,,,,,,,,,,,,,,,,,,,,,,2.00,1.29,0.27,2.03,5.69,3.53,3.97,1.69,3.65,5.22,6.36,,,All Items Excluding Food and Energy,Additional country compared to the previous update,,,,,,,,,,,,,,,,,,,,,,,,,,,,,,,,,,,,,,,,,,,,,,,,,,,,,,,,,,,,,,,,,,,,,,,,,,,,,,,,,,,,,,,,,,,,,,,,,,,,,,,,,,
KOR,542,"Korea, Rep.",Inflation,Official Core Consumer Price Inflation,,,20.50,27.32,41.50,16.02,15.64,9.49,11.86,19.54,28.28,20.64,8.65,4.10,2.10,2.23,3.70,3.03,6.09,6.04,8.44,8.30,6.19,5.16,5.11,4.60,5.09,3.43,5.88,0.33,1.87,3.62,2.97,3.06,2.93,2.35,1.80,2.32,4.26,3.55,1.76,3.18,1.68,1.65,1.99,2.20,1.60,1.48,1.17,0.89,0.35,1.37,3.60,,All Items Excluding Food and Energy,,,,,,,,,,,,,,,,,,,,,,,,,,,,,,,,,,,,,,,,,,,,,,,,,,,,,,,,,,,,,,,,,,,,,,,,,,,,,,,,,,,,,,,,,,,,,,,,,,,,,,,,,,,
KWT,443,Kuwait,Inflation,Official Core Consumer Price Inflation,,,,,,,,,,,,,,,,,,,,,,,,,,,,,,,,,0.24,-1.09,0.84,4.25,3.04,4.77,9.15,3.67,2.15,,,,,,,,0.65,1.09,1.56,2.26,3.28,,All Items Excluding Food and Energy,,,,,,,,,,,,,,,,,,,,,,,,,,,,,,,,,,,,,,,,,,,,,,,,,,,,,,,,,,,,,,,,,,,,,,,,,,,,,,,,,,,,,,,,,,,,,,,,,,,,,,,,,,,
LAO,544,"Lao, PDR",Inflation,Official Core Consumer Price Inflation,,,,,,,,,,,,,,,,,,,,,,,,,,,,,,,,,,,,,,,,,,,3.54,3.84,2.81,1.86,1.08,0.95,2.24,2.08,2.27,3.82,,,All Items Excluding Food and Energy,,,,,,,,,,,,,,,,,,,,,,,,,,,,,,,,,,,,,,,,,,,,,,,,,,,,,,,,,,,,,,,,,,,,,,,,,,,,,,,,,,,,,,,,,,,,,,,,,,,,,,,,,,,
LBN,446,Lebanon,Inflation,Official Core Consumer Price Inflation,,,,,,,,,,,,,,,,,,,,,,,,,,,,,,,,,,,,,,,,,,,,,,,,,,,,,,,All Items Excluding Food and Energy,Additional country compared to the previous update,,,,,,,,,,,,,,,,,,,,,,,,,,,,,,,,,,,,,,,,,,,,,,,,,,,,,,,,,,,,,,,,,,,,,,,,,,,,,,,,,,,,,,,,,,,,,,,,,,,,,,,,,,
LBY,672,Libya,Inflation,Official Core Consumer Price Inflation,,,,,,,,,,,,,,,,,,,,,,,,,,,,,,,,,,,,1.15,1.62,1.06,4.35,1.98,2.19,,,,,,,,,,,,,,All Items Excluding Food and Energy,Additional country compared to the previous update,,,,,,,,,,,,,,,,,,,,,,,,,,,,,,,,,,,,,,,,,,,,,,,,,,,,,,,,,,,,,,,,,,,,,,,,,,,,,,,,,,,,,,,,,,,,,,,,,,,,,,,,,,
LKA,524,Sri Lanka,Inflation,Official Core Consumer Price Inflation,,,,,,,,,,,,,,,,,,,,,,,,,,,,,,,,,,,,,,,,2.07,2.86,3.62,8.49,7.87,2.13,0.77,1.82,3.11,3.38,3.68,,,,,Dynamic Core Consumer Price Index,,,,,,,,,,,,,,,,,,,,,,,,,,,,,,,,,,,,,,,,,,,,,,,,,,,,,,,,,,,,,,,,,,,,,,,,,,,,,,,,,,,,,,,,,,,,,,,,,,,,,,,,,,,
LTU,946,Lithuania,Inflation,Official Core Consumer Price Inflation,,,,,,,,,,,,,,,,,,,,,,,,,,,20.26,10.81,8.47,3.20,-1.03,-0.04,0.48,0.74,0.65,1.17,2.27,5.08,8.98,3.93,0.07,2.29,2.26,1.25,1.00,1.24,2.23,3.89,2.18,2.41,3.06,3.50,10.31,,All Items Excluding Food and Energy,,,,,,,,,,,,,,,,,,,,,,,,,,,,,,,,,,,,,,,,,,,,,,,,,,,,,,,,,,,,,,,,,,,,,,,,,,,,,,,,,,,,,,,,,,,,,,,,,,,,,,,,,,,
LUX,137,Luxembourg,Inflation,Official Core Consumer Price Inflation,4.308878899,4.90,5.21,6.17,-27.70,-2.39,9.57,7.11,3.55,4.16,5.83,7.42,8.84,7.72,6.33,4.15,2.45,1.00,1.83,3.19,3.12,3.39,4.28,4.23,2.63,1.99,7.55,-2.24,4.91,-7.02,31.07,-5.95,-27.15,28.19,-19.78,27.67,12.35,2.12,1.99,2.02,1.58,2.39,2.09,2.08,1.31,1.61,0.95,1.37,0.88,1.80,1.29,1.57,4.02,,All Items Excluding Food and Energy,,,,,,,,,,,,,,,,,,,,,,,,,,,,,,,,,,,,,,,,,,,,,,,,,,,,,,,,,,,,,,,,,,,,,,,,,,,,,,,,,,,,,,,,,,,,,,,,,,,,,,,,,,,
LVA,941,Latvia,Inflation,Official Core Consumer Price Inflation,,,,,,,,,,,,,,,,,,,,,,,,,,,21.13,16.67,6.82,2.26,0.74,0.62,1.64,0.76,4.42,4.32,4.75,8.45,12.16,5.38,-2.19,0.81,0.36,0.16,1.83,1.81,1.55,1.60,2.25,2.78,1.22,1.88,7.17,,All Items Excluding unprocessed food and energy,,,,,,,,,,,,,,,,,,,,,,,,,,,,,,,,,,,,,,,,,,,,,,,,,,,,,,,,,,,,,,,,,,,,,,,,,,,,,,,,,,,,,,,,,,,,,,,,,,,,,,,,,,,
MAC,546,"Macao SAR, China",Inflation,Official Core Consumer Price Inflation,,,,,,,,,,,,,,,,,,,,,,,,,,,,,,,,,,,,,,,,,19.53,41.20,13.86,14.21,11.03,-5.87,-15.74,6.33,,,,,,,All Items Excluding Food and Energy,,,,,,,,,,,,,,,,,,,,,,,,,,,,,,,,,,,,,,,,,,,,,,,,,,,,,,,,,,,,,,,,,,,,,,,,,,,,,,,,,,,,,,,,,,,,,,,,,,,,,,,,,,,
MAR,686,Morocco,Inflation,Official Core Consumer Price Inflation,,,,,,,,,,,,,,,,,,,,,,,,,,,,,,,2.20,2.00,1.60,1.10,1.50,1.60,3.10,1.70,4.50,0.70,0.40,1.80,0.90,1.50,1.20,1.40,0.80,1.30,1.80,0.58,0.54,1.59,5.83,,All Items Excluding Food and Energy,,,,,,,,,,,,,,,,,,,,,,,,,,,,,,,,,,,,,,,,,,,,,,,,,,,,,,,,,,,,,,,,,,,,,,,,,,,,,,,,,,,,,,,,,,,,,,,,,,,,,,,,,,,
MEX,273,Mexico,Inflation,Official Core Consumer Price Inflation,,,,,,,,,,,27.05,29.52,59.15,102.80,65.99,58.01,86.54,131.80,111.73,20.01,26.29,23.04,14.85,10.55,7.32,34.62,33.23,19.91,16.13,17.15,9.72,6.47,4.49,3.86,3.82,3.54,3.34,3.84,4.72,5.01,3.89,3.21,3.42,2.72,3.18,2.36,2.97,4.68,3.82,3.71,3.20,3.86,6.01,,All Items Excluding Food and Energy,,,,,,,,,,,,,,,,,,,,,,,,,,,,,,,,,,,,,,,,,,,,,,,,,,,,,,,,,,,,,,,,,,,,,,,,,,,,,,,,,,,,,,,,,,,,,,,,,,,,,,,,,,,
MKD,962,North Macedonia,Inflation,Official Core Consumer Price Inflation,,,,,,,,,,,,,,,,,,,,,,,,,,,,,,,,,,,,,3.39,0.66,2.51,0.39,0.21,1.21,2.02,3.06,0.59,0.55,1.40,2.33,1.53,0.50,0.90,2.35,12.34,,All Items Excluding Food and Energy,,,,,,,,,,,,,,,,,,,,,,,,,,,,,,,,,,,,,,,,,,,,,,,,,,,,,,,,,,,,,,,,,,,,,,,,,,,,,,,,,,,,,,,,,,,,,,,,,,,,,,,,,,,
MLT,181,Malta,Inflation,Official Core Consumer Price Inflation,,,,,,,,,,,,,,,,,,,2.13,,,,,24.79,-23.78,,,4.01,4.03,2.38,2.91,2.28,2.74,1.86,2.90,1.87,1.75,0.76,3.86,1.48,1.05,1.48,2.65,0.65,1.68,1.57,1.17,1.03,1.79,1.36,0.77,0.65,6.20,,All Items Excluding Excluding Food Products,,,,,,,,,,,,,,,,,,,,,,,,,,,,,,,,,,,,,,,,,,,,,,,,,,,,,,,,,,,,,,,,,,,,,,,,,,,,,,,,,,,,,,,,,,,,,,,,,,,,,,,,,,,
MNE,943,Montenegro,Inflation,Official Core Consumer Price Inflation,,,,,,,,,,,,,,,,,,,,,,,,,,,,,,,,,,,,,,,,,,6.59,1.58,-1.36,-1.48,-1.27,-0.90,,,,,,,,All Items Excluding Food and Energy,,,,,,,,,,,,,,,,,,,,,,,,,,,,,,,,,,,,,,,,,,,,,,,,,,,,,,,,,,,,,,,,,,,,,,,,,,,,,,,,,,,,,,,,,,,,,,,,,,,,,,,,,,,
MUS,684,Mauritius,Inflation,Official Core Consumer Price Inflation,,,,,,,,,,,,,,,,,,,,,,,,,,,,,,,,,4.76,6.63,15.00,15.93,12.67,6.59,9.55,3.79,2.78,4.75,3.06,2.57,3.11,1.75,2.25,2.18,1.79,1.77,3.06,4.48,7.32,,All Items Excluding Food and Energy,,,,,,,,,,,,,,,,,,,,,,,,,,,,,,,,,,,,,,,,,,,,,,,,,,,,,,,,,,,,,,,,,,,,,,,,,,,,,,,,,,,,,,,,,,,,,,,,,,,,,,,,,,,
MYS,548,Malaysia,Inflation,Official Core Consumer Price Inflation,,,,,,,,,,,,,,,,,,,,,,,,,,,,,,,,,,,,,1.53,1.51,2.62,1.58,1.35,1.88,1.35,1.36,2.24,3.35,2.73,1.79,0.55,1.09,0.95,0.44,1.71,,All Items Excluding Food and Energy,,,,,,,,,,,,,,,,,,,,,,,,,,,,,,,,,,,,,,,,,,,,,,,,,,,,,,,,,,,,,,,,,,,,,,,,,,,,,,,,,,,,,,,,,,,,,,,,,,,,,,,,,,,
NGA,694,Nigeria,Inflation,Official Core Consumer Price Inflation,,,,,,,,,,,,,,,,,,,,,,,,,,,23.99,7.53,4.32,5.24,7.73,10.82,8.09,19.80,13.08,10.48,13.89,2.91,6.71,11.17,11.98,10.64,13.26,6.78,7.16,8.16,12.59,12.96,11.19,9.76,10.85,13.75,16.01,,All Items Excluding Food and Energy,,,,,,,,,,,,,,,,,,,,,,,,,,,,,,,,,,,,,,,,,,,,,,,,,,,,,,,,,,,,,,,,,,,,,,,,,,,,,,,,,,,,,,,,,,,,,,,,,,,,,,,,,,,
NIC,278,Nicaragua,Inflation,Official Core Consumer Price Inflation,,,,,,,,,,,,,,,,,,,,,,,,,,,,,,,,,,,,,,,,,,,8.09,6.23,4.98,6.41,4.41,4.16,4.13,5.79,3.60,4.36,8.24,,All Items Excluding Food and Energy,,,,,,,,,,,,,,,,,,,,,,,,,,,,,,,,,,,,,,,,,,,,,,,,,,,,,,,,,,,,,,,,,,,,,,,,,,,,,,,,,,,,,,,,,,,,,,,,,,,,,,,,,,,
NLD,138,Netherlands,Inflation,Official Core Consumer Price Inflation,3.841012001,8.46,8.30,8.22,9.74,-1.63,8.46,6.51,4.79,4.48,2.50,5.86,5.44,3.54,3.20,41.02,1.18,0.68,1.05,1.18,2.11,2.80,3.72,34.48,-23.32,3.38,2.72,1.86,2.02,2.26,2.14,3.62,3.39,2.09,1.62,1.33,0.41,1.47,2.20,4.84,1.68,1.68,1.95,2.74,1.48,1.37,32.30,0.95,1.31,7.17,2.17,1.92,4.26,,All Items Excluding Food and Energy,,,,,,,,,,,,,,,,,,,,,,,,,,,,,,,,,,,,,,,,,,,,,,,,,,,,,,,,,,,,,,,,,,,,,,,,,,,,,,,,,,,,,,,,,,,,,,,,,,,,,,,,,,,
NOR,142,Norway,Inflation,Official Core Consumer Price Inflation,-26.09815025,,,-13.24,,,,,,4.47,10.37,12.31,10.65,8.69,6.03,5.82,7.67,9.31,6.61,4.77,3.92,3.49,2.59,2.91,1.55,2.40,1.06,2.18,2.30,2.21,2.49,3.30,2.02,1.10,0.50,1.39,0.99,1.67,2.31,2.59,1.45,1.83,1.57,1.65,2.47,2.61,3.26,1.73,1.20,2.59,3.14,1.66,3.62,,All Items Excluding Food and Energy,,,,,,,,,,,,,,,,,,,,,,,,,,,,,,,,,,,,,,,,,,,,,,,,,,,,,,,,,,,,,,,,,,,,,,,,,,,,,,,,,,,,,,,,,,,,,,,,,,,,,,,,,,,
NZL,196,New Zealand,Inflation,Official Core Consumer Price Inflation,6.737318,11.03,7.57,7.54,11.14,15.63,16.06,13.17,12.25,12.52,16.13,15.27,17.16,8.37,6.19,15.37,14.99,16.72,6.76,5.31,5.90,2.96,1.15,1.27,2.30,4.32,2.42,0.95,1.05,-0.37,2.30,2.11,2.73,1.83,2.15,2.84,2.78,2.35,1.96,2.61,1.88,2.62,1.30,1.24,1.48,1.27,1.37,1.40,1.15,1.84,2.31,3.71,6.00,,All Items Excluding Food and Energy,,,,,,,,,,,,,,,,,,,,,,,,,,,,,,,,,,,,,,,,,,,,,,,,,,,,,,,,,,,,,,,,,,,,,,,,,,,,,,,,,,,,,,,,,,,,,,,,,,,,,,,,,,,
OMN,449,Oman,Inflation,Official Core Consumer Price Inflation,,,,,,,,,,,,,,,,,,,,,,,,,,,,,,,,,,,,,,2.34,5.89,3.44,3.99,4.29,3.95,0.66,1.19,0.46,0.48,1.06,0.88,0.13,1.00,3.40,,,All Items Excluding Food and Energy,Additional country compared to the previous update,,,,,,,,,,,,,,,,,,,,,,,,,,,,,,,,,,,,,,,,,,,,,,,,,,,,,,,,,,,,,,,,,,,,,,,,,,,,,,,,,,,,,,,,,,,,,,,,,,,,,,,,,,
PAN,283,Panama,Inflation,Official Core Consumer Price Inflation,4.60182476,5.49,6.68,11.65,28.80,12.51,5.82,9.35,5.50,7.46,13.07,13.69,5.75,3.87,2.18,,,,,,,,,,,,,,,,,,,,,,,,,,,,,,,,,,,,,,,,All Items Excluding Food and Energy,,,,,,,,,,,,,,,,,,,,,,,,,,,,,,,,,,,,,,,,,,,,,,,,,,,,,,,,,,,,,,,,,,,,,,,,,,,,,,,,,,,,,,,,,,,,,,,,,,,,,,,,,,,
PER,293,Peru,Inflation,Official Core Consumer Price Inflation,,,,,,,,,,,,,,,,,,,,,,,71.42,47.60,25.24,13.54,9.97,8.81,6.74,6.54,3.67,2.33,1.12,0.99,1.08,1.14,1.37,1.95,4.57,4.36,1.92,2.97,3.58,3.50,3.50,3.82,4.00,2.97,2.33,2.39,1.78,2.40,5.59,,All Items Excluding Food and Energy,,,,,,,,,,,,,,,,,,,,,,,,,,,,,,,,,,,,,,,,,,,,,,,,,,,,,,,,,,,,,,,,,,,,,,,,,,,,,,,,,,,,,,,,,,,,,,,,,,,,,,,,,,,
PHL,566,Philippines,Inflation,Official Core Consumer Price Inflation,,,,,,,,,,,,,,,,,,,,,,,,,,,,,,,6.80,5.90,3.30,2.50,4.20,6.20,5.40,2.90,5.80,4.20,3.60,4.30,3.70,2.90,3.00,2.10,1.90,2.90,3.92,3.03,3.22,3.59,4.55,,All Items Excluding  Food and Beverages,,,,,,,,,,,,,,,,,,,,,,,,,,,,,,,,,,,,,,,,,,,,,,,,,,,,,,,,,,,,,,,,,,,,,,,,,,,,,,,,,,,,,,,,,,,,,,,,,,,,,,,,,,,
PNG,853,Papua New Guinea,Inflation,Official Core Consumer Price Inflation,,,,,,,,,,,,,,,,,,,,,,,,,,,,,,,,,,,,,,,,,,,,,5.92,3.00,2.10,2.97,5.87,2.26,2.60,4.55,5.29,,All Items Excluding Food and Energy,,,,,,,,,,,,,,,,,,,,,,,,,,,,,,,,,,,,,,,,,,,,,,,,,,,,,,,,,,,,,,,,,,,,,,,,,,,,,,,,,,,,,,,,,,,,,,,,,,,,,,,,,,,
POL,964,Poland,Inflation,Official Core Consumer Price Inflation,,,,,,,,,,,,,,,,,20.00,33.33,68.75,155.56,665.94,20.62,15.53,16.09,26.84,20.42,21.46,16.16,13.85,10.15,9.18,5.72,2.69,0.73,1.75,1.34,0.31,1.08,2.48,2.85,1.67,2.43,2.19,1.20,0.64,0.32,-0.25,0.78,0.74,1.89,3.88,4.10,8.96,,All Items Excluding Food and Energy,,,,,,,,,,,,,,,,,,,,,,,,,,,,,,,,,,,,,,,,,,,,,,,,,,,,,,,,,,,,,,,,,,,,,,,,,,,,,,,,,,,,,,,,,,,,,,,,,,,,,,,,,,,
PRT,182,Portugal,Inflation,Official Core Consumer Price Inflation,9.533917427,14.96,11.76,15.58,21.60,-33.34,20.16,27.53,22.40,18.76,14.83,18.20,18.83,21.04,25.47,20.86,2.56,-3.45,12.41,14.59,13.29,14.68,12.41,10.56,13.11,5.31,3.69,5.32,2.33,2.80,2.84,3.54,4.76,3.36,2.51,-17.32,13.24,2.35,1.99,1.12,0.99,-1.11,-20.14,0.19,0.07,-24.85,0.74,1.09,0.67,0.49,-0.04,0.75,5.61,,All Items Excluding Food and Energy,,,,,,,,,,,,,,,,,,,,,,,,,,,,,,,,,,,,,,,,,,,,,,,,,,,,,,,,,,,,,,,,,,,,,,,,,,,,,,,,,,,,,,,,,,,,,,,,,,,,,,,,,,,
PRY,288,Paraguay,Inflation,Official Core Consumer Price Inflation,,,,,,,,,,,,,,,,,,,,,,,,,20.21,14.15,9.52,6.34,12.24,7.41,5.89,4.97,9.79,13.28,3.09,5.28,9.10,6.44,10.63,2.84,4.84,7.93,2.70,3.80,4.74,3.72,4.69,4.70,3.20,2.63,2.70,4.57,7.49,,All Items Excluding Food and Energy,,,,,,,,,,,,,,,,,,,,,,,,,,,,,,,,,,,,,,,,,,,,,,,,,,,,,,,,,,,,,,,,,,,,,,,,,,,,,,,,,,,,,,,,,,,,,,,,,,,,,,,,,,,
QAT,453,Qatar,Inflation,Official Core Consumer Price Inflation,,,,,,,,,,,,,,,,,,,,,,,,,,,,,,,,,,,,,,,,,,,,,,,1.83,1.46,1.21,-0.43,-1.98,4.19,4.68,,All Items Excluding Food and Energy,,,,,,,,,,,,,,,,,,,,,,,,,,,,,,,,,,,,,,,,,,,,,,,,,,,,,,,,,,,,,,,,,,,,,,,,,,,,,,,,,,,,,,,,,,,,,,,,,,,,,,,,,,,
ROU,968,Romania,Inflation,Official Core Consumer Price Inflation,,,,,,,,,,,,,,,,,,,,,,,,,,,,,,,,,,,,,,,7.16,6.05,5.66,4.31,2.81,2.55,0.98,-0.84,-0.79,1.61,3.10,3.59,4.04,4.72,8.79,,All Items Excluding Food and Energy,,,,,,,,,,,,,,,,,,,,,,,,,,,,,,,,,,,,,,,,,,,,,,,,,,,,,,,,,,,,,,,,,,,,,,,,,,,,,,,,,,,,,,,,,,,,,,,,,,,,,,,,,,,
RUS,922,Russian Federation,Inflation,Official Core Consumer Price Inflation,,,,,,,,,,,,,,,,,,,,,,,,,,,,,,,,,,,10.67,9.99,8.06,8.17,13.70,12.07,5.46,7.63,5.56,5.63,7.59,16.28,7.47,3.50,2.51,4.17,3.01,6.69,16.34,,All Items Excluding Food and Energy,,,,,,,,,,,,,,,,,,,,,,,,,,,,,,,,,,,,,,,,,,,,,,,,,,,,,,,,,,,,,,,,,,,,,,,,,,,,,,,,,,,,,,,,,,,,,,,,,,,,,,,,,,,
RWA,714,Rwanda,Inflation,Official Core Consumer Price Inflation,,,,,,,,,,,,,,,,,,,,,,,,,,,,,,,,,,,,,,,,,,,,,,,,,,,,,,,All Items Excluding Food and Energy,,,,,,,,,,,,,,,,,,,,,,,,,,,,,,,,,,,,,,,,,,,,,,,,,,,,,,,,,,,,,,,,,,,,,,,,,,,,,,,,,,,,,,,,,,,,,,,,,,,,,,,,,,,
SAU,456,Saudi Arabia,Inflation,Official Core Consumer Price Inflation,,,,,,,,,,,,,,,,,,,,,,,,,,,,,,,-0.93,-2.08,-0.63,-1.04,-1.12,-2.54,-0.38,1.31,0.93,1.85,1.15,1.42,2.87,2.03,1.18,0.89,2.08,-1.16,3.06,-0.36,3.55,4.90,1.19,,All Items Excluding Food and Energy,,,,,,,,,,,,,,,,,,,,,,,,,,,,,,,,,,,,,,,,,,,,,,,,,,,,,,,,,,,,,,,,,,,,,,,,,,,,,,,,,,,,,,,,,,,,,,,,,,,,,,,,,,,
SDN,732,Sudan,Inflation,Official Core Consumer Price Inflation,,,,,,,,,,,,,,,,,,,,,,,,,,,,,,,4.07,3.27,9.39,3.61,4.52,-0.19,13.37,12.12,8.02,10.17,9.87,15.76,34.52,48.66,47.64,20.52,22.68,30.97,58.85,50.99,163.26,359.09,,,All Items Excluding Food and Energy,Additional country compared to the previous update,,,,,,,,,,,,,,,,,,,,,,,,,,,,,,,,,,,,,,,,,,,,,,,,,,,,,,,,,,,,,,,,,,,,,,,,,,,,,,,,,,,,,,,,,,,,,,,,,,,,,,,,,,
SEN,722,Senegal,Inflation,Official Core Consumer Price Inflation,,,,,,,,,,,,,,,,,,,,,,,,,,,,,,,,,,,,,,,,,,,,,,,,,,,,2.64,6.65,,All Items Excluding Food and Energy,,,,,,,,,,,,,,,,,,,,,,,,,,,,,,,,,,,,,,,,,,,,,,,,,,,,,,,,,,,,,,,,,,,,,,,,,,,,,,,,,,,,,,,,,,,,,,,,,,,,,,,,,,,
SGP,576,Singapore,Inflation,Official Core Consumer Price Inflation,,,,,,-1.66,9.00,5.05,3.86,12.92,16.79,1.59,-4.40,-2.57,-0.71,-2.68,-11.66,8.26,0.41,-0.09,-1.01,3.65,1.61,1.78,2.53,2.19,1.80,1.54,0.40,0.50,1.49,1.55,-0.05,0.94,1.99,1.26,1.72,2.20,5.67,-0.02,1.52,2.17,2.55,1.71,1.95,0.50,0.90,1.45,1.68,1.04,-0.16,0.93,4.12,,All Items Excluding Food and Energy,,,,,,,,,,,,,,,,,,,,,,,,,,,,,,,,,,,,,,,,,,,,,,,,,,,,,,,,,,,,,,,,,,,,,,,,,,,,,,,,,,,,,,,,,,,,,,,,,,,,,,,,,,,
SLB,813,Solomon Islands,Inflation,Official Core Consumer Price Inflation,,,,,,,,,,,,,,,,,,,,,,,,,,,,,,,,,,,,,,,,,,,,,,,,,,,,,,,All Items Excluding Food and Energy,,,,,,,,,,,,,,,,,,,,,,,,,,,,,,,,,,,,,,,,,,,,,,,,,,,,,,,,,,,,,,,,,,,,,,,,,,,,,,,,,,,,,,,,,,,,,,,,,,,,,,,,,,,
SLE,724,Sierra Leone,Inflation,Official Core Consumer Price Inflation,,,,,,,,,,,,,,,,,,,,,,,,,,,,,,,,,,,,,,,,,,,,,,,,,,,,,,,All Items Excluding Food and Energy,,,,,,,,,,,,,,,,,,,,,,,,,,,,,,,,,,,,,,,,,,,,,,,,,,,,,,,,,,,,,,,,,,,,,,,,,,,,,,,,,,,,,,,,,,,,,,,,,,,,,,,,,,,
SLV,253,El Salvador,Inflation,Official Core Consumer Price Inflation,,,,,,,,,,,,,,,,,,,,11.64,23.00,7.02,4.06,1.32,3.99,6.86,4.00,-3.52,-5.27,-0.17,4.26,-4.01,-0.17,4.49,6.55,5.97,8.78,7.00,14.65,-17.56,-0.40,2.27,1.22,0.69,0.50,0.22,-0.02,0.12,0.19,0.07,0.32,2.11,4.88,,"All Items Excluding Food, Bev, Tobacco, Mtg Int, Energy & Admin Pr",,,,,,,,,,,,,,,,,,,,,,,,,,,,,,,,,,,,,,,,,,,,,,,,,,,,,,,,,,,,,,,,,,,,,,,,,,,,,,,,,,,,,,,,,,,,,,,,,,,,,,,,,,,
SMR,135,San Marino,Inflation,Official Core Consumer Price Inflation,,,,,,,,,,,,,,,,,,,,,,,,,,,,,,,,,,,,,,,,,,,,,,,,,,,,,,,All Items Excluding Food and Energy,,,,,,,,,,,,,,,,,,,,,,,,,,,,,,,,,,,,,,,,,,,,,,,,,,,,,,,,,,,,,,,,,,,,,,,,,,,,,,,,,,,,,,,,,,,,,,,,,,,,,,,,,,,
SOM,726,Somalia,Inflation,Official Core Consumer Price Inflation,,,,,,,,,,,,,,,,,,,,,,,,,,,,,,,,,,,,,,,,,,,,,,,,,,,,,,,All Items Excluding Food and Energy,,,,,,,,,,,,,,,,,,,,,,,,,,,,,,,,,,,,,,,,,,,,,,,,,,,,,,,,,,,,,,,,,,,,,,,,,,,,,,,,,,,,,,,,,,,,,,,,,,,,,,,,,,,
SRB,942,Serbia,Inflation,Official Core Consumer Price Inflation,,,,,,,,,,,,,,,,,,,,,,,,,,,,,,,,,,,,,,9.10,7.90,6.60,9.60,7.40,11.10,3.50,1.50,2.60,1.50,2.00,1.30,1.30,1.60,,9.97,,All Items Excluding Food and Energy,,,,,,,,,,,,,,,,,,,,,,,,,,,,,,,,,,,,,,,,,,,,,,,,,,,,,,,,,,,,,,,,,,,,,,,,,,,,,,,,,,,,,,,,,,,,,,,,,,,,,,,,,,,
SVK,936,Slovakia,Inflation,Official Core Consumer Price Inflation,,,,,,,,,,,,,,,,,,,,,,,,,,,6.60,6.68,7.58,9.00,9.83,7.01,4.02,3.45,3.21,1.82,2.77,2.68,3.86,1.38,0.79,1.36,2.56,0.84,0.28,0.16,0.21,1.49,2.48,1.92,2.16,4.11,9.67,,All Items Excluding Food and Energy,,,,,,,,,,,,,,,,,,,,,,,,,,,,,,,,,,,,,,,,,,,,,,,,,,,,,,,,,,,,,,,,,,,,,,,,,,,,,,,,,,,,,,,,,,,,,,,,,,,,,,,,,,,
SVN,961,Slovenia,Inflation,Official Core Consumer Price Inflation,,,,,,,,,,,,,,,,,,,,,,,,,,,,,,,7.27,7.76,7.95,5.84,3.15,1.14,1.58,3.79,4.95,1.54,0.30,0.85,1.72,1.71,0.46,0.45,0.62,1.06,1.20,1.69,0.69,1.08,5.81,,All Items Excluding Volatile Goods and Services,,,,,,,,,,,,,,,,,,,,,,,,,,,,,,,,,,,,,,,,,,,,,,,,,,,,,,,,,,,,,,,,,,,,,,,,,,,,,,,,,,,,,,,,,,,,,,,,,,,,,,,,,,,
SWE,144,Sweden,Inflation,Official Core Consumer Price Inflation,6.71755743,6.91,5.76,6.44,9.05,9.82,9.48,11.23,9.73,6.71,12.47,10.98,7.41,8.63,7.70,6.83,4.84,4.71,6.08,6.28,8.83,10.74,4.25,4.51,2.44,2.69,1.44,0.24,-0.54,0.35,0.34,1.84,1.99,1.09,0.18,0.01,0.75,2.56,2.07,-0.95,0.51,3.01,0.87,-0.24,-0.02,0.02,0.90,1.37,1.09,1.52,1.19,1.30,5.82,,All Items Excluding Volatile Goods and Services ,,,,,,,,,,,,,,,,,,,,,,,,,,,,,,,,,,,,,,,,,,,,,,,,,,,,,,,,,,,,,,,,,,,,,,,,,,,,,,,,,,,,,,,,,,,,,,,,,,,,,,,,,,,
SYR,463,Syrian Arab Republic,Inflation,Official Core Consumer Price Inflation,,,,,,,,,,,,,,,,,,,,,,,,,,,,,,,,,,,,,,0.9,5.2,-0.2,3.0,3.6,26.4,50.2,31.1,,,,,,,,,,All Items Excluding Food and Energy,Additional country compared to the previous update,,,,,,,,,,,,,,,,,,,,,,,,,,,,,,,,,,,,,,,,,,,,,,,,,,,,,,,,,,,,,,,,,,,,,,,,,,,,,,,,,,,,,,,,,,,,,,,,,,,,,,,,,,
TCD,628,Chad,Inflation,Official Core Consumer Price Inflation,,,,,,,,,,,,,,,,,,18.74,14.66,24.22,8.56,11.30,2.01,8.27,,,,,,,,,,,,,,,,,,,,,,,,,,-2.08,6.56,1.24,8.23,,All Items Excluding Food and Energy,,,,,,,,,,,,,,,,,,,,,,,,,,,,,,,,,,,,,,,,,,,,,,,,,,,,,,,,,,,,,,,,,,,,,,,,,,,,,,,,,,,,,,,,,,,,,,,,,,,,,,,,,,,
THA,578,Thailand,Inflation,Official Core Consumer Price Inflation,,,,,,,,,,,,,,,,,3.72,3.16,3.57,4.08,4.83,4.82,4.40,4.53,4.11,4.17,3.66,4.19,6.93,1.68,1.11,1.76,0.44,-0.27,0.27,1.61,2.40,0.80,0.04,-1.09,0.82,0.55,0.86,0.82,0.64,0.89,0.69,0.33,0.53,0.36,0.07,0.00,0.57,,All Items Excluding Food and Energy,,,,,,,,,,,,,,,,,,,,,,,,,,,,,,,,,,,,,,,,,,,,,,,,,,,,,,,,,,,,,,,,,,,,,,,,,,,,,,,,,,,,,,,,,,,,,,,,,,,,,,,,,,,
TJK,923,Tajikistan,Inflation,Official Core Consumer Price Inflation,,,,,,,,,,,,,,,,,,,,,,,,,,,,,,,,,,,,,6.09,7.52,8.68,5.81,5.89,6.03,8.44,5.28,4.60,3.85,7.07,3.34,4.22,3.90,4.14,4.86,,,All Items Excluding Food and Energy,Additional country compared to the previous update,,,,,,,,,,,,,,,,,,,,,,,,,,,,,,,,,,,,,,,,,,,,,,,,,,,,,,,,,,,,,,,,,,,,,,,,,,,,,,,,,,,,,,,,,,,,,,,,,,,,,,,,,,
TKM,925,Turkmenistan,Inflation,Official Core Consumer Price Inflation,,,,,,,,,,,,,,,,,,,,,,,,,,,,,,,,,,,5.20,8.23,5.11,4.66,14.41,4.47,6.56,1.68,5.26,8.92,4.97,7.37,,,,,,,,,All Items Excluding Food and Energy,Additional country compared to the previous update,,,,,,,,,,,,,,,,,,,,,,,,,,,,,,,,,,,,,,,,,,,,,,,,,,,,,,,,,,,,,,,,,,,,,,,,,,,,,,,,,,,,,,,,,,,,,,,,,,,,,,,,,,
TTO,369,Trinidad and Tobago,Inflation,Official Core Consumer Price Inflation,,,,,,,,,,,,,,,,,,,,,,,4.21,2.46,4.46,1.81,0.99,1.28,1.78,1.05,1.20,1.08,0.60,0.39,1.64,2.57,3.63,4.32,6.16,4.15,4.31,1.72,2.48,2.38,1.99,1.84,2.14,1.66,0.98,1.12,0.09,1.52,4.71,,All Items Excluding Food and Energy,,,,,,,,,,,,,,,,,,,,,,,,,,,,,,,,,,,,,,,,,,,,,,,,,,,,,,,,,,,,,,,,,,,,,,,,,,,,,,,,,,,,,,,,,,,,,,,,,,,,,,,,,,,
TUN,744,Tunisia,Inflation,Official Core Consumer Price Inflation,0.832109272,3.94,1.26,6.19,33.52,10.42,-1.90,2.38,2.24,7.36,12.90,17.86,8.32,4.29,7.03,7.18,4.03,,,,,,,,,,,,,,,1.61,1.68,1.78,2.23,2.22,2.49,2.32,3.27,3.01,2.85,2.88,4.18,4.57,4.27,4.67,4.38,5.42,7.49,6.91,6.66,5.68,7.14,,All Items Excluding Food and Energy,,,,,,,,,,,,,,,,,,,,,,,,,,,,,,,,,,,,,,,,,,,,,,,,,,,,,,,,,,,,,,,,,,,,,,,,,,,,,,,,,,,,,,,,,,,,,,,,,,,,,,,,,,,
TUR,186,Turkey,Inflation,Official Core Consumer Price Inflation,,,,,,,,,,,,,,,,,,,,,,,,,102.38,86.22,80.80,83.52,87.78,71.51,58.00,51.15,43.16,21.85,9.75,8.85,7.36,7.11,6.22,4.40,4.13,5.66,7.21,6.27,9.17,8.04,8.47,10.09,16.46,13.45,11.19,18.28,58.61,,All Items Excluding Food and Energy,,,,,,,,,,,,,,,,,,,,,,,,,,,,,,,,,,,,,,,,,,,,,,,,,,,,,,,,,,,,,,,,,,,,,,,,,,,,,,,,,,,,,,,,,,,,,,,,,,,,,,,,,,,
TWN,528,"Taiwan, China",Inflation,Official Core Consumer Price Inflation,,,,,,,,,,,,,2.34,1.95,1.73,1.36,0.65,0.63,2.29,3.96,4.58,4.95,3.28,3.13,3.51,3.46,2.90,1.42,0.83,0.77,1.06,0.27,-0.01,-0.69,0.33,0.15,0.52,1.05,1.28,-0.55,0.50,0.76,0.64,0.36,0.37,0.36,0.56,0.70,0.95,0.30,0.22,1.27,1.78,,All Items Excluding Food and Energy,,,,,,,,,,,,,,,,,,,,,,,,,,,,,,,,,,,,,,,,,,,,,,,,,,,,,,,,,,,,,,,,,,,,,,,,,,,,,,,,,,,,,,,,,,,,,,,,,,,,,,,,,,,
UGA,746,Uganda,Inflation,Official Core Consumer Price Inflation,,,,,,,,,,,,,,,,,,,,,,,,,,,,,,,,,,,,,,6.64,11.47,11.05,4.80,17.26,14.70,6.29,3.09,4.21,5.61,4.45,2.42,3.59,3.23,2.77,5.99,,All Items Excluding Food and Energy,,,,,,,,,,,,,,,,,,,,,,,,,,,,,,,,,,,,,,,,,,,,,,,,,,,,,,,,,,,,,,,,,,,,,,,,,,,,,,,,,,,,,,,,,,,,,,,,,,,,,,,,,,,
UKR,926,Ukraine,Inflation,Official Core Consumer Price Inflation,,,,,,,,,,,,,,,,,,,,,,,,,,,,,,,,,,,,,,,,19.41,8.59,7.70,3.32,0.23,9.86,40.39,11.00,7.33,9.09,6.77,3.30,6.87,16.01,,All Items Excluding Food and Energy,,,,,,,,,,,,,,,,,,,,,,,,,,,,,,,,,,,,,,,,,,,,,,,,,,,,,,,,,,,,,,,,,,,,,,,,,,,,,,,,,,,,,,,,,,,,,,,,,,,,,,,,,,,
URY,298,Uruguay,Inflation,Official Core Consumer Price Inflation,,,,,,,,,,,,,,,,,,,,,,,,,,,,,,,,,,,,,9.05,8.38,22.12,-18.17,9.09,14.12,-0.48,-2.55,-4.27,-12.82,-10.99,,,,,,,,All Items Excluding Food and Energy,,,,,,,,,,,,,,,,,,,,,,,,,,,,,,,,,,,,,,,,,,,,,,,,,,,,,,,,,,,,,,,,,,,,,,,,,,,,,,,,,,,,,,,,,,,,,,,,,,,,,,,,,,,
USA,111,United States,Inflation,Official Core Consumer Price Inflation,6.245934,4.69,3.06,3.48,8.24,9.22,6.57,6.25,7.31,9.74,12.42,10.47,7.40,3.93,4.94,4.38,4.04,4.12,4.41,4.50,5.03,4.91,3.66,3.30,2.85,2.99,2.70,2.39,2.29,2.08,2.43,2.67,2.32,1.46,1.76,2.17,2.50,2.34,2.30,1.70,0.96,1.66,2.11,1.76,1.75,1.83,2.21,1.84,2.14,2.19,1.70,3.57,6.15,,All Items Excluding Food and Energy,,,,,,,,,,,,,,,,,,,,,,,,,,,,,,,,,,,,,,,,,,,,,,,,,,,,,,,,,,,,,,,,,,,,,,,,,,,,,,,,,,,,,,,,,,,,,,,,,,,,,,,,,,,
VEN,299,"Venezuela, RB",Inflation,Official Core Consumer Price Inflation,,,,,,,,,,,,,,,,,,,37.50,78.79,22.03,22.22,14.77,35.64,81.75,51.00,112.77,22.25,15.54,11.59,9.91,7.43,53.79,55.15,29.19,12.61,8.14,13.94,18.97,30.69,28.73,27.90,22.25,43.01,38.23,147.51,385.91,,,,,,,,"All Items Excluding Fruits, Vegetables, Taxed Srv & Fuels",,,,,,,,,,,,,,,,,,,,,,,,,,,,,,,,,,,,,,,,,,,,,,,,,,,,,,,,,,,,,,,,,,,,,,,,,,,,,,,,,,,,,,,,,,,,,,,,,,,,,,,,,,,
VNM,582,Vietnam,Inflation,Official Core Consumer Price Inflation,,,,,,,,,,,,,,,,,,,,,,,,,,,,,,,,,,,,,,,,,7.78,13.62,8.19,4.77,3.31,2.05,1.83,1.41,1.48,2.01,2.31,0.81,2.61,,"All Items Excluding Housing, Water, Electricity and Gas ",,,,,,,,,,,,,,,,,,,,,,,,,,,,,,,,,,,,,,,,,,,,,,,,,,,,,,,,,,,,,,,,,,,,,,,,,,,,,,,,,,,,,,,,,,,,,,,,,,,,,,,,,,,
XKX,967,Kosovo,Inflation,Official Core Consumer Price Inflation,,,,,,,,,,,,,,,,,,,,,,,,,,,,,,,,,,,,,,8.54,-4.83,6.33,15.00,0.00,0.16,-0.37,-0.39,-0.74,-2.60,,,,,,,,All Items Excluding Food and Energy,,,,,,,,,,,,,,,,,,,,,,,,,,,,,,,,,,,,,,,,,,,,,,,,,,,,,,,,,,,,,,,,,,,,,,,,,,,,,,,,,,,,,,,,,,,,,,,,,,,,,,,,,,,
ZAF,199,South Africa,Inflation,Official Core Consumer Price Inflation,,,,,,,,,,,,,,,,,,,,,,,,,,,,,,,,,,5.14,-2.42,1.47,1.84,4.79,6.71,7.39,4.08,3.53,4.56,5.20,5.59,5.47,5.60,4.75,4.26,4.14,3.34,3.12,4.32,,All Items Excluding Food and Energy,,,,,,,,,,,,,,,,,,,,,,,,,,,,,,,,,,,,,,,,,,,,,,,,,,,,,,,,,,,,,,,,,,,,,,,,,,,,,,,,,,,,,,,,,,,,,,,,,,,,,,,,,,,
,,,,,,,,,,,,,,,,,,,,,,,,,,,,,,,,,,,,,,,,,,,,,,,,,,,,,,,,,,,,,,,,,,,,,,,,,,,,,,,,,,,,,,,,,,,,,,,,,,,,,,,,,,,,,,,,,,,,,,,,,,,,,,,,,,,,,,,,,,,,,,,,,,,,,,,,,,,,,,,,,,,,,,
"Note:  For those countries where annual data are not yet availalbe for 2022, annual averages of monthly or quarterly inflation in 2022 with available data are included instead. ",,,,,,,,,,,,,,,,,,,,,,,,,,,,,,,,,,,,,,,,,,,,,,,,,,,,,,,,,,,,,,,,,,,,,,,,,,,,,,,,,,,,,,,,,,,,,,,,,,,,,,,,,,,,,,,,,,,,,,,,,,,,,,,,,,,,,,,,,,,,,,,,,,,,,,,,,,,,,,,,,,,,,,
,,,,,,,,,,,,,,,,,,,,,,,,,,,,,,,,,,,,,,,,,,,,,,,,,,,,,,,,,,,,,,,,,,,,,,,,,,,,,,,,,,,,,,,,,,,,,,,,,,,,,,,,,,,,,,,,,,,,,,,,,,,,,,,,,,,,,,,,,,,,,,,,,,,,,,,,,,,,,,,,,,,,,,
