Country Code,IMF Country Code,Country,Indicator Type,Series Name,1970,1971,1972,1973,1974,1975,1976,1977,1978,1979,1980,1981,1982,1983,1984,1985,1986,1987,1988,1989,1990,1991,1992,1993,1994,1995,1996,1997,1998,1999,2000,2001,2002,2003,2004,2005,2006,2007,2008,2009,2010,2011,2012,2013,2014,2015,2016,2017,2018,2019,2020,2021,2022,,,,,,,,,,
AFG,512,"Afghanistan, Islamic Rep. of",Inflation,"Estimated Core Inflation, Year-on-Year, Annual average",,,,,,,,,,,,,,,,,,,,,,,,,,,,,,,,,,,,,,,,,,,,-1.14,4.70,1.83,0.69,-0.46,0.45,1.69,,,,,,,,,,,,,
ALB,914,Albania,,"Estimated Core Inflation, Year-on-Year, Annual average",,,,,,,,,,,,,,,,,,,,,,,,,,,,,,,,,,,,,,,0.04,-0.13,0.16,0.62,0.76,0.17,0.24,0.42,-0.05,0.03,-0.09,0.07,-0.25,0.44,1.61,,,,,,,,,,
DZA,612,Algeria,,"Estimated Core Inflation, Year-on-Year, Annual average",,,,,,,,,,,,,,,,,,,,,,,,,,,,,,,,,,,,,-1.25,0.04,1.15,1.04,1.29,2.11,1.68,1.20,0.68,2.20,2.20,2.43,2.43,1.54,1.73,2.23,,,,,,,,,,,
AGO,614,Angola,,"Estimated Core Inflation, Year-on-Year, Annual average",,,,,,,,,,,,,,,,,,,,,,,,,,,,,,,,,,,,,,,,,,,,,,,,,,,,,,,,,,,,,,,
AIA,660,Anguilla,,"Estimated Core Inflation, Year-on-Year, Annual average",,,,,,,,,,,,,,,,,,,,,,,,,,,,,,,,,,,,,,,,,,3.77,1.08,0.17,-0.45,-0.73,-0.26,1.24,0.26,0.52,-0.22,1.00,,,,,,,,,,,
ATG,311,Antigua and Barbuda,,"Estimated Core Inflation, Year-on-Year, Annual average",,,,,,,,,,,,,,,,,,,,,,,,,,,,,,,,,,,,,,,,,,,,,,,,,,,0.36,2.13,,,,,,,,,,,
ARG,213,Argentina,,"Estimated Core Inflation, Year-on-Year, Annual average",,,,,,,,,,,,,,,,,,,,,,,,,,,,,,,,,,,,,,,,,,,,,,,,,,,,,,,,,,,,,,,
ARM,911,"Armenia, Rep. of",,"Estimated Core Inflation, Year-on-Year, Annual average",,,,,,,,,,,,,,,,,,,,,,,,,,,,,,,,,,,,,,,,,,0.27,1.20,-1.50,-3.25,0.96,-1.09,1.20,1.49,0.47,0.75,2.54,,,,,,,,,,,
ABW,314,"Aruba, Kingdom of the Netherlands",,"Estimated Core Inflation, Year-on-Year, Annual average",,,,,,,,,,,,,,,,,,,,,,,,,,,,,,,,,2.44,2.68,1.88,2.15,2.10,3.23,6.15,-1.73,1.27,3.03,0.24,-1.55,0.00,-0.20,-0.62,-1.26,2.36,2.73,,,,,,,,,,,,,
AUS,193,Australia,,"Estimated Core Inflation, Year-on-Year, Annual average",,,,,,,,,,,,,,,,,,,,,,,,,,,2.11,1.01,0.74,0.46,3.37,2.87,2.02,1.62,1.51,1.88,1.84,1.58,2.97,0.63,2.04,2.00,1.73,1.89,1.84,1.15,1.06,1.62,1.58,1.06,-0.14,1.78,,,,,,,,,,,
AUT,122,Austria,,"Estimated Core Inflation, Year-on-Year, Annual average",,,,,,,,,,,,,,,,,,,,,,,,,,,,,0.45,0.48,1.83,1.73,1.51,0.93,1.32,1.38,0.69,1.09,2.11,0.26,1.44,2.38,1.73,1.31,1.19,0.66,0.71,1.61,1.56,1.10,0.85,2.28,,,,,,,,,,,
AZE,912,"Azerbaijan, Rep. of",,"Estimated Core Inflation, Year-on-Year, Annual average",,,,,,,,,,,,,,,,,,,,,,,,,,,,,,,,,,,,,,,,,,,,,,,,,,,,,,,,,,,,,,,
BHS,313,"Bahamas, The",,"Estimated Core Inflation, Year-on-Year, Annual average",,,,,,,,,,,,,,,,,,,,,,,,,,,,,,,,,,,,,,,,,,,,,,,,,,2.39,-0.05,2.39,,,,,,,,,,,
BHR,419,"Bahrain, Kingdom of",,"Estimated Core Inflation, Year-on-Year, Annual average",,,,,,,,,,,,,,,,,,,,,,,,,,,,,,,,,,,,,,,,,,1.17,2.67,1.58,1.45,0.75,2.12,0.69,1.57,0.32,-2.43,-0.44,,,,,,,,,,,
BGD,513,Bangladesh,,"Estimated Core Inflation, Year-on-Year, Annual average",,,,,,,,,,,,,,,,,,,,,,,,,,,,,,,,,,,,,,,,,,,-2.14,-0.13,-1.34,0.69,-2.56,-1.02,0.70,-0.70,-1.63,1.79,0.34,,,,,,,,,,
BRB,316,Barbados,,"Estimated Core Inflation, Year-on-Year, Annual average",,,,,,,,,,,,,,,,,,,,,,,,,,,,,,,,,,,,,,,,,,,,,,0.65,0.60,1.75,1.39,1.76,,,,,,,,,,,,,
BLR,913,"Belarus, Rep. of",,"Estimated Core Inflation, Year-on-Year, Annual average",,,,,,,,,,,,,,,,,,,,,,,,,,,,,,,,,,,,,-0.83,0.95,-1.65,1.49,3.43,18.46,25.79,3.06,-2.34,0.83,-0.54,0.15,-1.34,-0.55,1.21,2.54,,,,,,,,,,,
BEL,124,Belgium,,"Estimated Core Inflation, Year-on-Year, Annual average",,,,,,,,,,,,,,,,,,,,,,,,,,,,,,0.79,1.31,1.04,1.08,0.99,1.25,1.42,0.53,0.89,1.42,0.48,1.31,1.66,1.65,0.63,0.64,0.29,1.26,1.31,1.17,1.09,0.55,1.38,3.66,,,,,,,,,,
BLZ,339,Belize,,"Estimated Core Inflation, Year-on-Year, Annual average",,,,,,,,,,,,,,,,,,,,,,,,,,,,,,,,,,,,,,,,,,,,0.03,0.59,-0.74,0.50,1.25,0.19,-0.03,-0.32,1.54,,,,,,,,,,,
BEN,638,Benin,,"Estimated Core Inflation, Year-on-Year, Annual average",,,,,,,,,,,,,,,,,,,,,,,,,,,,,,,,,,,,,,,,-1.50,-0.81,0.28,4.75,-0.22,-0.61,0.15,-0.43,0.04,0.71,0.76,0.83,0.24,,,,,,,,,,,
BTN,514,Bhutan,,"Estimated Core Inflation, Year-on-Year, Annual average",,,,,,,,,,,,,,,,,,,,,,,,,,,,,,,,,,,,,,,,,,,,,1.11,0.96,0.55,-0.09,0.38,0.18,-0.22,0.88,,,,,,,,,,,
BOL,218,Bolivia,,"Estimated Core Inflation, Year-on-Year, Annual average",,,,,,,,,,,,,,,,,,,,,,,,,,,,,,,,,,,,,1.15,1.87,5.02,2.31,0.99,4.58,2.07,2.11,1.95,1.43,1.11,0.59,0.88,0.80,1.18,0.51,,,,,,,,,,,
BIH,963,Bosnia and Herzegovina,,"Estimated Core Inflation, Year-on-Year, Annual average",,,,,,,,,,,,,,,,,,,,,,,,,,,,,,,,,,,,,-0.90,-0.27,0.17,-1.47,1.15,0.50,0.44,-0.40,0.09,-1.28,-1.17,-0.04,0.35,-0.52,-1.24,0.41,,,,,,,,,,,
BWA,616,Botswana,,"Estimated Core Inflation, Year-on-Year, Annual average",,,,,,,,,,,,,,,,,,,,,,,,,,,,,,,,,,,,,,,,,,5.92,4.95,4.28,3.26,1.67,0.97,1.17,2.66,2.30,0.69,5.41,,,,,,,,,,,
BRA,223,Brazil,,"Estimated Core Inflation, Year-on-Year, Annual average",,,,,,,,,,,,,,,,,,,,,,,,,,,,,,,,,,,,,,,,,,,,,,,,,,,,,,,,,,,,,,,
VGB,284,British Virgin Islands,,"Estimated Core Inflation, Year-on-Year, Annual average",,,,,,,,,,,,,,,,,,,,,,,,,,,,,,,,,,,,,,,,,,,,,,,0.98,,,,,,,,,,,,,,,,
BRN,516,Brunei Darussalam,,"Estimated Core Inflation, Year-on-Year, Annual average",,,,,,,,,,,,,,,,,,,,,,,,,,,,,,,,,,,,,,,,,,0.14,0.11,0.39,-0.04,-1.00,0.61,-1.29,0.73,0.05,1.52,1.33,,,,,,,,,,,
BGR,918,Bulgaria,,"Estimated Core Inflation, Year-on-Year, Annual average",,,,,,,,,,,,,,,,,,,,,,,,,,,-8.69,15.28,-5.96,-6.60,0.40,1.47,-0.54,-1.86,0.83,1.55,3.66,1.60,2.21,0.68,2.39,0.87,-0.90,0.13,-0.42,-1.33,-0.74,-0.22,0.68,0.35,-0.24,0.87,,,,,,,,,,,
BFA,748,Burkina Faso,,"Estimated Core Inflation, Year-on-Year, Annual average",,,,,,,,,,,,,,,,,,,,,,,,,,,,,,,,,,,,,,,,,,,,,,,0.47,-0.65,2.97,-0.61,0.77,-0.76,0.58,,,,,,,,,,
BDI,618,Burundi,,"Estimated Core Inflation, Year-on-Year, Annual average",,,,,,,,,,,,,,,,,,,,,,,,,,,,,,,4.01,-6.41,-0.25,2.22,1.09,-0.11,-1.36,-0.96,0.57,-0.33,-1.09,2.33,-3.46,0.40,0.20,1.25,1.86,1.82,-2.74,-0.59,-1.60,-1.18,,,,,,,,,,,
CPV,624,Cabo Verde,,"Estimated Core Inflation, Year-on-Year, Annual average",,,,,,,,,,,,,,,,,,,,,,,,,,,,,,,,,,,,,,-1.45,0.85,0.18,0.08,-0.25,-0.76,-0.79,0.34,1.99,2.25,0.18,0.08,0.68,0.21,1.25,,,,,,,,,,,
KHM,522,Cambodia,,"Estimated Core Inflation, Year-on-Year, Annual average",,,,,,,,,,,,,,,,,,,,,,,,,,,,,,,,,-0.72,0.15,0.02,-1.03,-0.93,-0.38,1.94,2.05,0.37,0.86,0.53,0.91,0.42,0.99,1.07,1.46,0.76,0.44,0.37,0.37,,,,,,,,,,,
CMR,622,Cameroon,,"Estimated Core Inflation, Year-on-Year, Annual average",,,,,,,,,,,,,,,,,,,,,,,,,,,,,,,,,,,,,,,,,,,,0.16,0.95,1.11,0.06,0.26,0.56,1.01,0.34,0.34,,,,,,,,,,,
CAN,156,Canada,,"Estimated Core Inflation, Year-on-Year, Annual average",,,,,,,,,,,,,,,,,,,,,,,,,,,,,,,,,,,,,,,,,,,,,,,1.15,1.53,1.96,1.26,0.28,2.73,,,,,,,,,,,
CYM,377,Cayman Islands,,"Estimated Core Inflation, Year-on-Year, Annual average",,,,,,,,,,,,,,,,,,,,,,,,,,,,,,,,,,,,,,,,,0.36,1.13,0.84,2.01,1.12,-1.92,-0.40,,,,,,,,,,,,,,,,
CAF,626,Central African Rep.,,"Estimated Core Inflation, Year-on-Year, Annual average",,,,,,,,,,,,,,,,,,,,,,,,,,,,,,,,,,,,,,,,,,,,,,,,,,,,-0.46,,,,,,,,,,,
TCD,628,Chad,,"Estimated Core Inflation, Year-on-Year, Annual average",,,,,,,,,,,,,,,,,,,,,,,,,,,,,,,,,,,,,,,,,,,,,,10.25,1.72,-0.05,-3.11,-1.03,0.54,0.76,,,,,,,,,,,
CHL,228,Chile,,"Estimated Core Inflation, Year-on-Year, Annual average",,,,,,,,,,,,,,,,,,,,,,,,,,,,,,,,,,,,,,,,,0.77,0.78,1.51,0.46,2.19,2.01,2.01,1.11,1.07,1.36,1.19,2.65,6.43,,,,,,,,,,
HKG,532,"China, P.R.: Hong Kong",,"Estimated Core Inflation, Year-on-Year, Annual average",,,,,,,,,,,,,,,,,,,,,,,,,,,,,,,,,,,,,1.29,1.12,2.25,0.37,1.59,3.64,2.91,3.20,3.30,2.08,1.68,1.20,1.68,1.57,-0.39,1.22,,,,,,,,,,,
MAC,546,"Macao SAR, China",,"Estimated Core Inflation, Year-on-Year, Annual average",,,,,,,,,,,,,,,,,,,,,,,,,,,,,,,,,-1.16,-0.87,0.45,0.93,0.82,0.61,1.51,-0.03,1.37,2.57,1.83,0.86,1.00,0.94,1.39,1.02,1.63,1.19,-0.33,-0.01,,,,,,,,,,,
CHN,924,"China, P.R.: Mainland",,"Estimated Core Inflation, Year-on-Year, Annual average",,,,,,,,,,,,,,,,,,,,,,,,,,,,,,,,,,,,,,,,,,,,,,,,,,,,,,,,,,,,,,,
COL,233,Colombia,,"Estimated Core Inflation, Year-on-Year, Annual average",,,,,,,,,,,,,,,,,,,,,,,,,,,,,,,,,,,,,,,,,1.42,1.72,1.71,1.33,1.60,2.42,3.71,3.28,2.19,1.73,1.35,1.60,,,,,,,,,,,
COM,632,"Comoros, Union of the",,"Estimated Core Inflation, Year-on-Year, Annual average",,,,,,,,,,,,,,,,,,,,,,,,,,,,,,,,,,,,,,,,,,-0.95,-1.55,-5.64,,,,,,,,,,,,,,,,,,,
COD,636,"Congo, Dem. Rep. of the",,"Estimated Core Inflation, Year-on-Year, Annual average",,,,,,,,,,,,,,,,,,,,,,,,,,,,,,,,,,,,,,,,,,,,,,,,,,,,,,,,,,,,,,,
COG,634,"Congo, Rep. of",,"Estimated Core Inflation, Year-on-Year, Annual average",,,,,,,,,,,,,,,,,,,,,,,,,,,,,,,,,,,,,,0.33,5.82,-0.36,-1.88,-1.83,0.50,-0.50,-0.97,0.39,-0.50,1.47,,,-0.08,-0.57,,,,,,,,,,,
CRI,238,Costa Rica,,"Estimated Core Inflation, Year-on-Year, Annual average",,,,,,,,,,,,,,,,,,,,,,,,,,,,,,,6.72,3.88,5.24,6.03,5.50,7.43,6.54,4.18,5.34,2.54,2.82,2.83,2.23,0.82,2.99,0.58,-0.09,1.00,0.95,1.30,,,,,,,,,,,,,
HRV,960,"Croatia, Rep. of",,"Estimated Core Inflation, Year-on-Year, Annual average",,,,,,,,,,,,,,,,,,,,,,,,,,,,,,,,,,,,,-0.19,1.10,0.74,0.25,-0.39,0.31,-0.75,-0.29,-0.08,-0.55,-0.30,1.08,0.46,-0.04,-0.09,1.69,,,,,,,,,,,
CUW,354,"Curaçao, Kingdom of the Netherlands",,"Estimated Core Inflation, Year-on-Year, Annual average",,,,,,,,,,,,,,,,,,,,,,,,,,,,,,,,,,,,,,,,,,,,,,,,,,,,,,,,,,,,,,,
CYP,423,Cyprus,,"Estimated Core Inflation, Year-on-Year, Annual average",,,,,,,,,,,,,,,,,,,,,,,,,,,,,,,,,,,,1.33,0.68,1.03,2.10,0.12,1.05,0.95,0.43,0.21,-0.22,-0.63,-0.56,-0.25,0.29,-0.55,-0.24,1.15,,,,,,,,,,,
CZE,935,Czech Rep.,,"Estimated Core Inflation, Year-on-Year, Annual average",,,,,,,,,,,,,,,,,,,,,,,,,,,3.45,2.49,1.58,1.20,1.31,1.71,1.10,0.16,1.40,1.08,1.14,1.53,3.37,0.48,0.94,0.65,1.51,0.44,0.23,0.32,0.75,1.21,1.39,1.40,1.85,3.20,,,,,,,,,,,
CIV,662,Côte d'Ivoire,,"Estimated Core Inflation, Year-on-Year, Annual average",,,,,,,,,,,,,,,,,,,,,,,,,,,,,1.42,0.90,2.04,1.58,0.30,0.13,2.05,0.48,1.01,0.36,1.32,0.66,-1.10,1.81,0.88,1.59,0.56,0.38,-0.07,0.26,0.04,-0.28,0.35,0.68,,,,,,,,,,,
DNK,128,Denmark,,"Estimated Core Inflation, Year-on-Year, Annual average",,,,,,,,,,,,,,,,,,,,,,,,,,,,,,,,1.37,1.72,1.53,0.97,1.31,1.18,0.87,1.97,1.07,1.84,1.90,1.63,0.50,0.49,0.33,0.14,0.67,0.67,0.50,0.32,1.44,5.00,,,,,,,,,,
DJI,611,Djibouti,,"Estimated Core Inflation, Year-on-Year, Annual average",,,,,,,,,,,,,,,,,,,,,,,,,,,,,,,,,,,,,,,,,,,,,-0.12,-1.04,0.72,0.06,0.13,0.51,0.71,,,,,,,,,,,,
DMA,321,Dominica,,"Estimated Core Inflation, Year-on-Year, Annual average",,,,,,,,,,,,,,,,,,,,,,,,,,,,,,,,,,,,,,,,,,,0.49,0.06,0.48,-0.38,0.26,0.09,0.51,0.65,-0.52,,,,,,,,,,,,
DOM,243,Dominican Rep.,,"Estimated Core Inflation, Year-on-Year, Annual average",,,,,,,,,,,,,,,,,,,,,,,,,,,,,,,5.61,6.09,0.81,11.24,27.26,2.43,3.79,4.19,5.32,-1.39,2.60,1.87,2.02,3.06,1.36,0.30,0.63,1.46,1.78,1.45,1.74,4.35,,,,,,,,,,,
ECU,248,Ecuador,,"Estimated Core Inflation, Year-on-Year, Annual average",,,,,,,,,,,,,,,,,,,,,,,,,,,,,,,,,,,,,0.94,1.02,3.60,3.35,1.90,2.48,3.22,1.83,1.74,1.78,0.38,-0.15,-0.18,0.08,-0.59,0.32,,,,,,,,,,,
EGY,469,"Egypt, Arab Rep. of",,"Estimated Core Inflation, Year-on-Year, Annual average",,,,,,,,,,,,,,,,,,,,,,,,,,,,,,,,,,,,,,,,,,2.57,0.88,2.68,3.72,3.14,5.13,10.18,3.35,2.90,3.79,,,,,,,,,,,,
SLV,253,El Salvador,,"Estimated Core Inflation, Year-on-Year, Annual average",,,,,,,,,,,,,,,,,,,,,,,,,,,,,,,,,,,,,,,,,-0.93,-0.34,0.69,0.10,-0.12,-0.40,-1.67,-0.32,0.09,-0.05,0.11,1.35,,,,,,,,,,,
GNQ,642,"Equatorial Guinea, Rep. of",,"Estimated Core Inflation, Year-on-Year, Annual average",,,,,,,,,,,,,,,,,,,,,,,,,,,,,,,,,,,,,,,,,,0.61,-0.07,-1.15,0.24,-0.62,-6.16,0.19,1.03,0.67,1.56,,,,,,,,,,,,
EST,939,"Estonia, Rep. of",,"Estimated Core Inflation, Year-on-Year, Annual average",,,,,,,,,,,,,,,,,,,,,,,,,,,,,,1.74,2.30,0.86,0.63,1.01,1.06,1.56,0.93,1.41,3.86,0.61,1.57,1.22,0.89,-0.30,0.23,-0.02,0.54,1.63,1.32,0.98,-0.11,1.21,3.60,,,,,,,,,,
SWZ,734,Eswatini,,"Estimated Core Inflation, Year-on-Year, Annual average",,,,,,,,,,,,,,,,,,,,,,,,,,,,,,,,,,,,,,2.73,4.17,1.59,1.84,2.41,2.80,3.38,3.71,3.19,3.88,3.20,2.31,1.47,,,,,,,,,,,,,
ETH,644,"Ethiopia, The Federal Dem. Rep. of",,"Estimated Core Inflation, Year-on-Year, Annual average",,,,,,,,,,,,,,,,,,,,,,,,,,,,,,,,,-0.95,-1.99,-2.42,-3.53,-3.60,-1.59,1.07,-1.17,-2.14,1.61,-0.05,-1.62,-1.80,-1.43,-3.33,-2.29,-1.95,-0.18,-2.76,1.32,,,,,,,,,,,
FJI,819,"Fiji, Rep. of",,"Estimated Core Inflation, Year-on-Year, Annual average",,,,,,,,,,,,,,,,,,,,,,,,,,,,,,,,,,,,,,,,2.32,1.28,-3.64,1.34,1.44,-0.21,1.27,3.54,3.41,2.17,0.15,-1.36,-3.15,,,,,,,,,,,
FIN,172,Finland,,"Estimated Core Inflation, Year-on-Year, Annual average",,,,,,,,,,,,,,,,,,,,,,,,,,,,,,,,,,,,,,,,,,1.73,1.89,0.69,0.85,-0.06,0.44,0.70,0.64,0.63,0.06,1.69,,,,,,,,,,,
FRA,132,France,,"Estimated Core Inflation, Year-on-Year, Annual average",,,,,,,,,,,,,,,,,,,,,,,,,,1.20,1.27,0.63,0.27,0.44,1.03,0.60,1.23,1.33,1.64,0.99,0.72,0.82,1.36,0.09,0.93,1.18,1.02,0.33,0.37,-0.08,0.12,0.65,1.23,0.54,0.22,0.96,,,,,,,,,,,
GAB,646,Gabon,,"Estimated Core Inflation, Year-on-Year, Annual average",,,,,,,,,,,,,,,,,,,,,,,,,,,,,,,,,,,,,,,,,,-0.23,0.62,-0.09,1.45,2.08,1.65,-0.36,2.20,0.20,0.95,0.45,,,,,,,,,,,
GMB,648,"Gambia, The",,"Estimated Core Inflation, Year-on-Year, Annual average",,,,,,,,,,,,,,,,,,,,,,,,,,,,,,,,,,,,,-3.60,-0.49,-1.14,-0.94,-0.09,-1.27,-3.94,-5.08,-1.15,-0.61,0.27,0.16,-0.72,-0.30,0.90,-0.49,,,,,,,,,,,
GEO,915,Georgia,,"Estimated Core Inflation, Year-on-Year, Annual average",,,,,,,,,,,,,,,,,,,,,,,,,,,,,,,,,,,,,-4.48,-7.60,0.37,2.69,2.26,1.08,0.18,-0.01,0.26,1.53,0.54,3.51,0.66,1.74,1.68,3.86,0.34,,,,,,,,,,
DEU,134,Germany,,"Estimated Core Inflation, Year-on-Year, Annual average",,,,,,,,,,,,,,,,,,,,,,,,,,,1.05,1.41,0.66,0.59,1.16,1.27,1.24,0.89,1.55,1.25,1.06,1.71,1.65,0.40,0.87,1.48,1.43,0.91,0.71,0.50,0.41,1.12,1.34,1.15,0.22,2.62,,,,,,,,,,,
GHA,652,Ghana,,"Estimated Core Inflation, Year-on-Year, Annual average",,,,,,,,,,,,,,,,,,,,,,,,,,,,,,,,,,,,,,,,,,,,,,,,,,,,,,,,,,,,,,,
GRC,174,Greece,,"Estimated Core Inflation, Year-on-Year, Annual average",,,,,,,,,,,,,,,,,,,,,,,,,,,,,,,1.66,2.11,2.03,1.79,1.92,1.85,1.37,1.77,1.66,1.35,3.47,1.27,-0.10,-1.87,-0.48,-0.75,-0.08,0.61,0.53,0.30,-0.76,-0.33,,,,,,,,,,,
GRL,304,Greenland,,"Estimated Core Inflation, Year-on-Year, Annual average",,,,,,,,,,,,,,,,,,,,,,,,,,,,,,,,,,,,,,,,,,,,,,,,,,,,,,,,,,,,,,,
GRD,328,Grenada,,"Estimated Core Inflation, Year-on-Year, Annual average",,,,,,,,,,,,,,,,,,,,,,,,,,,,,,,,,1.35,1.45,1.15,0.71,1.71,1.69,3.37,1.06,1.31,1.73,1.70,-0.28,-1.15,-0.15,2.37,0.65,0.28,0.51,-0.69,0.63,,,,,,,,,,,
GLP,312,Guadeloupe,,"Estimated Core Inflation, Year-on-Year, Annual average",,,,,,,,,,,,,,,,,,,,,,,,,,,,,,,,,,,,,,,,,,,,,,,,,,,,,,,,,,,,,,,
GTM,258,Guatemala,,"Estimated Core Inflation, Year-on-Year, Annual average",,,,,,,,,,,,,,,,,,,,,,,,,,,,,,,,,,,,,,,,,,,,0.72,0.72,1.52,0.89,1.25,0.99,1.05,1.40,1.50,,,,,,,,,,,
GIN,656,Guinea,,"Estimated Core Inflation, Year-on-Year, Annual average",,,,,,,,,,,,,,,,,,,,,,,,,,,,,,,,,,,,,,-2.92,8.58,-1.00,4.65,7.73,5.05,1.90,2.38,2.32,1.85,2.61,2.61,2.27,3.80,4.75,,,,,,,,,,,
GNB,654,Guinea-Bissau,,"Estimated Core Inflation, Year-on-Year, Annual average",,,,,,,,,,,,,,,,,,,,,,,,,,,,,,,,,,,,,,,,,,,,,,,,,,,,-0.89,,,,,,,,,,,
GUY,336,Guyana,,"Estimated Core Inflation, Year-on-Year, Annual average",,,,,,,,,,,,,,,,,,,,,,,,,,,,,,,,,,,,,,,,,,,,,,,,,,,,,,,,,,,,,,,
HTI,263,Haiti,,"Estimated Core Inflation, Year-on-Year, Annual average",,,,,,,,,,,,,,,,,,,,,,,,,,,,,0.49,1.04,2.17,2.14,-0.03,3.83,3.63,4.43,-1.72,-1.75,-0.70,0.66,-3.80,-1.51,-0.52,-0.52,-0.09,-0.10,-0.44,-0.78,-0.28,0.17,0.51,0.33,,,,,,,,,,,
HND,268,Honduras,,"Estimated Core Inflation, Year-on-Year, Annual average",,,,,,,,,,,,,,,,,,,,,,,,,,,,,,,,4.15,1.72,2.43,2.82,3.04,2.15,2.02,3.00,2.18,1.26,2.15,2.59,1.87,2.43,1.42,1.75,1.67,1.83,1.59,1.85,2.51,3.27,,,,,,,,,,
HUN,944,Hungary,,"Estimated Core Inflation, Year-on-Year, Annual average",,,,,,,,,,,,,,,,,,,,,,,,,,,,,,,,,,,,,,,2.35,2.01,3.25,1.61,3.34,2.28,1.67,0.08,0.21,1.54,1.63,1.76,1.45,3.89,,,,,,,,,,,
ISL,176,Iceland,,"Estimated Core Inflation, Year-on-Year, Annual average",,,,,,,,,,,,,,,,,,,,,,,,,,,,,,,,,,1.18,1.84,2.20,4.04,3.74,9.23,9.41,4.83,2.54,3.59,2.56,1.12,0.35,0.53,0.48,1.68,2.02,1.88,3.05,5.28,,,,,,,,,,
IND,534,India,,"Estimated Core Inflation, Year-on-Year, Annual average",,,,,,,,,,,,,,,,,,,,,,,,,,,,,,,,,,,,,,,,,,,,,,,,,,,,,,,,,,,,,,,
IDN,536,Indonesia,,"Estimated Core Inflation, Year-on-Year, Annual average",,,,,,,,,,,,,,,,,,,,,,,,,,,,,,,,,,,,,,,,,,,,,,,,,,,,,,,,,,,,,,,
IRN,429,"Iran, Islamic Rep. of",,"Estimated Core Inflation, Year-on-Year, Annual average",,,,,,,,,,,,,,,,,,,,,,,,,,,,,,,,,,,,,4.19,6.23,9.23,5.63,5.07,15.85,,,,,,,,,,,,,,,,,,,,,
IRQ,433,Iraq,,"Estimated Core Inflation, Year-on-Year, Annual average",,,,,,,,,,,,,,,,,,,,,,,,,,,,,,,,,,,,,,,,,,,,,,,0.33,0.05,0.61,0.19,0.73,4.05,,,,,,,,,,,
IRL,178,Ireland,,"Estimated Core Inflation, Year-on-Year, Annual average",,,,,,,,,,,,,,,,,,,,,,,,,,,,,,,,,3.98,3.37,1.63,1.06,1.47,2.18,2.16,-1.49,-0.54,1.28,1.56,0.31,0.44,-0.23,0.21,0.35,0.17,0.60,-0.09,1.60,,,,,,,,,,,
ISR,436,Israel,,"Estimated Core Inflation, Year-on-Year, Annual average",,,,,,,,,,,,,,,,,,,,,,,,,,6.35,7.21,5.59,3.54,3.74,0.94,0.31,3.55,0.77,-0.04,1.04,1.16,0.14,2.05,1.54,1.74,2.21,0.99,0.40,0.37,-0.70,-0.55,0.02,0.50,0.27,-0.69,1.21,,,,,,,,,,,
ITA,136,Italy,,"Estimated Core Inflation, Year-on-Year, Annual average",,,,,,,,,,,,,,,,,,,,,,,,,,,,1.31,1.36,1.25,1.31,1.62,1.82,1.64,1.54,1.21,0.95,0.93,1.35,0.48,1.30,1.54,1.51,0.51,0.22,-0.01,0.15,0.62,0.51,0.29,0.17,0.41,,,,,,,,,,,
JAM,343,Jamaica,,"Estimated Core Inflation, Year-on-Year, Annual average",,,,,,,,,,,,,,,,,,,,,,,,,,,,,,,,,,,,,,,,,,,,,,,,,,,,,,,,,,,,,,,
JPN,158,Japan,,"Estimated Core Inflation, Year-on-Year, Annual average",,,,,,,,,,,,,,,,,,,,,,,,,,,,,,,,,,,,,,,,,,,,,,,,,,,,,,,,,,,,,,,
JOR,439,Jordan,,"Estimated Core Inflation, Year-on-Year, Annual average",,,,,,,,,,,,,,,,,,,,,,,,,,,,,,,,,,,,,,0.89,2.37,-0.32,1.81,1.47,1.86,1.13,1.21,-1.44,0.00,2.53,2.67,0.28,0.20,0.91,,,,,,,,,,,
KAZ,916,"Kazakhstan, Rep. of",,"Estimated Core Inflation, Year-on-Year, Annual average",,,,,,,,,,,,,,,,,,,,,,,,,,,,,,,,,,,,,,,,,,,,,,,,,,,,,,,,,,,,,,,
KEN,664,Kenya,,"Estimated Core Inflation, Year-on-Year, Annual average",,,,,,,,,,,,,,,,,,,,,,,,,,,,,,,,,,,,,,,,,,,,,,,,,,,,,,,,,,,,,,,
KIR,296,Kiribati,,"Estimated Core Inflation, Year-on-Year, Annual average",,,,,,,,,,,,,,,,,,,,,,,,,,,,,,,,,,,,,,0.42,1.47,1.84,1.78,2.82,-2.35,-0.96,-2.14,-3.13,-0.28,0.09,0.69,-1.66,,,,,,,,,,,,,
KOR,542,"Korea, Rep. of",,"Estimated Core Inflation, Year-on-Year, Annual average",,,,,,,,,,,,,,,,,,,,,,,,,,3.01,3.35,2.61,4.00,0.51,1.54,2.32,1.57,2.11,1.80,2.05,1.76,1.87,3.36,1.53,1.75,2.31,1.00,0.69,0.84,0.57,0.77,1.24,1.00,0.22,-0.23,1.34,3.33,,,,,,,,,,
XKX,967,"Kosovo, Rep. of",,"Estimated Core Inflation, Year-on-Year, Annual average",,,,,,,,,,,,,,,,,,,,,,,,,,,,,,,,,,,,,1.43,0.18,-0.71,-2.61,-0.37,1.62,-1.05,0.83,-1.08,-1.33,1.29,-0.80,1.55,0.48,-0.56,2.13,,,,,,,,,,,
KWT,443,Kuwait,,"Estimated Core Inflation, Year-on-Year, Annual average",,,,,,,,,,,,,,,,,,,,,,,,,,,,,,,,,,,,,,,,,,2.67,1.94,1.24,1.57,1.55,1.60,1.78,0.73,1.05,1.32,1.76,,,,,,,,,,,
KGZ,917,Kyrgyz Rep.,,"Estimated Core Inflation, Year-on-Year, Annual average",,,,,,,,,,,,,,,,,,,,,,,,,,,,,,,,,,,,,,,,,,,,,,,,,,,,,,,,,,,,,,,
LAO,544,Lao People's Dem. Rep.,,"Estimated Core Inflation, Year-on-Year, Annual average",,,,,,,,,,,,,,,,,,,,,,,,,,,,,,,,,,,,,1.10,-0.55,-2.33,-3.68,1.14,0.80,-3.27,-2.50,-1.37,-3.85,-1.04,0.59,0.60,0.76,0.87,0.97,,,,,,,,,,,
LVA,941,Latvia,,"Estimated Core Inflation, Year-on-Year, Annual average",,,,,,,,,,,,,,,,,,,,,,,,,,,0.38,0.90,0.89,1.98,1.03,0.08,0.39,0.66,1.69,2.50,0.52,2.50,3.96,1.58,-0.46,0.30,0.00,-0.33,0.45,-0.36,0.58,1.15,1.47,1.16,0.22,1.53,,,,,,,,,,,
LBN,446,Lebanon,,"Estimated Core Inflation, Year-on-Year, Annual average",,,,,,,,,,,,,,,,,,,,,,,,,,,,,,,,,,,,,,,,,,,,,,-2.42,-0.16,2.57,3.70,1.86,32.54,82.70,,,,,,,,,,,
LSO,666,"Lesotho, Kingdom of",,"Estimated Core Inflation, Year-on-Year, Annual average",,,,,,,,,,,,,,,,,,,,,,,,,,,,,,,,,,,,,-0.84,-0.84,-1.40,4.11,1.01,-2.06,-0.84,-1.19,0.40,3.46,1.97,0.41,-0.58,-0.17,1.94,0.09,,,,,,,,,,,
LBR,668,Liberia,,"Estimated Core Inflation, Year-on-Year, Annual average",,,,,,,,,,,,,,,,,,,,,,,,,,,,,,,,,,,,,,-0.84,2.75,7.23,2.53,0.76,0.39,2.58,4.90,3.36,7.70,5.07,8.27,,,,,,,,,,,,,,
LBY,672,Libya,,"Estimated Core Inflation, Year-on-Year, Annual average",,,,,,,,,,,,,,,,,,,,,,,,,,,,,,,,,,,,,,,,,,,,,,,,,,,,,,,,,,,,,,,
LTU,946,Lithuania,,"Estimated Core Inflation, Year-on-Year, Annual average",,,,,,,,,,,,,,,,,,,,,,,,,-34.14,-19.05,-6.59,-2.17,-2.46,-0.14,-2.74,-0.75,-0.43,-0.04,0.30,0.14,0.21,-0.15,1.90,1.07,0.22,-0.27,0.66,0.47,0.13,0.51,1.09,2.68,1.48,1.27,1.44,2.39,,,,,,,,,,,
LUX,137,Luxembourg,,"Estimated Core Inflation, Year-on-Year, Annual average",,,,,,,,,,,,,,,,,,,,,,,,,,,0.45,0.73,0.56,0.61,1.74,1.73,1.45,1.33,1.51,1.32,1.53,1.39,1.57,0.51,1.65,2.36,1.97,1.30,0.68,0.49,0.30,1.18,0.92,1.37,0.59,1.77,4.25,,,,,,,,,,
MDG,674,"Madagascar, Rep. of",,"Estimated Core Inflation, Year-on-Year, Annual average",,,,,,,,,,,,,,,,,,,,,,,,,,,,,,,,-0.76,1.78,-1.47,-3.17,-2.43,-2.89,0.20,-0.68,-1.11,-0.29,-0.64,-0.72,0.24,0.00,-1.31,-2.45,-1.55,-0.78,-1.88,-0.26,0.56,,,,,,,,,,,
MWI,676,Malawi,,"Estimated Core Inflation, Year-on-Year, Annual average",,,,,,,,,,,,,,,,,,,,,,,,,,,,,,,,,,,,,,,,,,,,,,-4.95,-2.56,-3.15,0.26,0.80,1.64,,,,,,,,,,,,
MYS,548,Malaysia,,"Estimated Core Inflation, Year-on-Year, Annual average",,,,,,,,,,,,,,,,,,,,,,,,,,,,,,,,0.72,1.34,0.32,0.37,1.49,2.07,0.68,2.17,-1.15,0.56,1.19,0.37,0.49,1.11,0.27,0.18,1.94,-0.13,-0.37,-1.00,1.49,,,,,,,,,,,
MDV,556,Maldives,,"Estimated Core Inflation, Year-on-Year, Annual average",,,,,,,,,,,,,,,,,,,,,,,,,,,,,,,,,,,,,,,,,,,,,,,,,,,,,,,,,,,,,,,
MLI,678,Mali,,"Estimated Core Inflation, Year-on-Year, Annual average",,,,,,,,,,,,,,,,,,,,,,,,,,,,,,,,,,,,,,,,,,-0.71,0.77,-0.85,-0.44,-0.68,-1.13,0.87,-1.03,-2.10,-1.14,1.47,,,,,,,,,,,
MLT,181,Malta,,"Estimated Core Inflation, Year-on-Year, Annual average",,,,,,,,,,,,,,,,,,,,,,,,,,,,,,,,,,,,,,,,,,,,,,,,,,,,,,,,,,,,,,,
MTQ,474,Martinique,,"Estimated Core Inflation, Year-on-Year, Annual average",,,,,,,,,,,,,,,,,,,,,,,,,,,,,,,,,,,,,,,,,,,,,,,,,,,,,,,,,,,,,,,
MRT,682,"Mauritania, Islamic Rep. of",,"Estimated Core Inflation, Year-on-Year, Annual average",,,,,,,,,,,,,,,,,,,,,,,,,,,,,,,,,,,,,,,,,,0.16,0.83,-0.26,-0.05,-1.66,0.39,1.05,0.65,0.98,,0.05,,,,,,,,,,,
MUS,684,Mauritius,,"Estimated Core Inflation, Year-on-Year, Annual average",,,,,,,,,,,,,,,,,,,,,,,,,,,,,,,,-0.96,1.07,2.91,2.24,2.16,2.46,2.84,3.26,2.26,1.95,4.20,1.85,2.42,1.73,0.42,1.53,3.25,-0.57,-0.46,1.78,3.69,,,,,,,,,,,
MEX,273,Mexico,,"Estimated Core Inflation, Year-on-Year, Annual average",,,,,,,,,,,,,,,,,,,,,,,,,,,,,,,,,,,2.29,2.21,2.08,2.13,2.64,3.15,2.92,2.17,2.10,2.32,2.59,1.63,1.66,4.00,3.27,2.00,1.02,2.52,,,,,,,,,,,
FSM,583,"Micronesia, Federated States of",,"Estimated Core Inflation, Year-on-Year, Annual average",,,,,,,,,,,,,,,,,,,,,,,,,,,,,,,,,,,,,,,,,,,,,,,,,-0.85,,,,,,,,,,,,,,
MDA,921,"Moldova, Rep. of",,"Estimated Core Inflation, Year-on-Year, Annual average",,,,,,,,,,,,,,,,,,,,,,,,,,,,,,,,,,,,,,,,,,,,,1.90,3.48,1.78,1.77,1.83,1.69,0.72,2.25,,,,,,,,,,,
MNG,948,Mongolia,,"Estimated Core Inflation, Year-on-Year, Annual average",,,,,,,,,,,,,,,,,,,,,,,,,,,,,,,,,,,,,,0.93,3.46,3.37,2.14,2.51,4.54,5.32,5.79,2.07,1.09,1.90,1.55,2.12,1.14,3.05,,,,,,,,,,,
MNE,943,Montenegro,,"Estimated Core Inflation, Year-on-Year, Annual average",,,,,,,,,,,,,,,,,,,,,,,,,,,,,,,,,,,,,,,,,,2.16,-1.09,-0.62,-0.20,-0.29,-0.11,1.20,2.18,-1.06,-0.52,1.06,,,,,,,,,,,
MSR,500,Montserrat,,"Estimated Core Inflation, Year-on-Year, Annual average",,,,,,,,,,,,,,,,,,,,,,,,,,,,,,,,,,,,,,,,,,,,,,-0.77,-0.45,0.89,0.97,-1.03,-1.63,1.04,,,,,,,,,,,
MAR,686,Morocco,,"Estimated Core Inflation, Year-on-Year, Annual average",,,,,,,,,,,,,,,,,,,,,,,,,,,,,,,,,,,,,,,0.50,0.28,0.32,0.19,0.15,0.57,-0.06,-0.77,0.14,0.30,1.12,0.42,0.17,0.89,,,,,,,,,,,
MOZ,688,"Mozambique, Rep. of",,"Estimated Core Inflation, Year-on-Year, Annual average",,,,,,,,,,,,,,,,,,,,,,,,,,,,,,,,,,,,,,,,3.98,-0.02,0.60,-0.95,-0.57,-0.87,0.65,6.99,4.66,2.19,1.00,0.89,0.27,,,,,,,,,,,
MMR,518,Myanmar,,"Estimated Core Inflation, Year-on-Year, Annual average",,,,,,,,,,,,,,,,,,,,,,,,,,,,,,,,,,,,,,,,,,,,,-2.44,-2.79,-1.70,-0.94,-1.55,-7.47,,,,,,,,,,,,,
NAM,728,Namibia,,"Estimated Core Inflation, Year-on-Year, Annual average",,,,,,,,,,,,,,,,,,,,,,,,,,,,,,,,,,,,,3.56,4.25,7.09,5.29,2.93,2.92,4.27,3.69,3.46,2.04,3.69,3.72,3.18,2.68,1.51,2.47,,,,,,,,,,,
NRU,520,"Nauru, Rep. of",,"Estimated Core Inflation, Year-on-Year, Annual average",,,,,,,,,,,,,,,,,,,,,,,,,,,,,,,,,,,,,,,,,,,,,,,,,,,,,,,,,,,,,,,
NPL,558,Nepal,,"Estimated Core Inflation, Year-on-Year, Annual average",,,,,,,,,,,,,,,,,,,,,,,,,,,,,,,,,,,,,,,,,,,,,,,,,0.39,0.63,0.92,1.50,,,,,,,,,,,
NLD,138,"Netherlands, The",,"Estimated Core Inflation, Year-on-Year, Annual average",,,,,,,,,,,,,,,,,,,,,,,,,,,,1.24,1.17,1.54,1.83,2.74,2.50,1.50,1.30,1.29,0.46,1.19,1.57,0.85,1.29,1.77,1.87,1.84,0.63,0.29,0.12,0.85,1.23,1.67,0.98,2.18,,,,,,,,,,,
NCL,687,New Caledonia,,"Estimated Core Inflation, Year-on-Year, Annual average",,,,,,,,,,,,,,,,,,,,,,,,,,,,,,,,,,,,,,,,,,,,,,,,,,,,,,,,,,,,,,,
NZL,196,New Zealand,,"Estimated Core Inflation, Year-on-Year, Annual average",,,,,,,,,,,,,,,,,,,,,,,,,,,,,,,,,,,,,,,2.15,0.89,1.82,2.77,0.75,0.60,0.68,-0.11,0.26,1.07,1.17,1.02,0.80,2.93,,,,,,,,,,,
NIC,278,Nicaragua,,"Estimated Core Inflation, Year-on-Year, Annual average",,,,,,,,,,,,,,,,,,,,,,,,,,,,,,,,,,,,,,,,,,2.90,3.29,2.66,1.59,2.76,1.92,0.93,1.56,2.45,1.04,2.35,,,,,,,,,,,
NER,692,Niger,,"Estimated Core Inflation, Year-on-Year, Annual average",,,,,,,,,,,,,,,,,,,,,,,,,,,,,,,,,,,,,,,,,,,,,-0.69,5.43,-1.62,0.19,-4.20,-1.68,0.54,-0.03,,,,,,,,,,,
NGA,694,Nigeria,,"Estimated Core Inflation, Year-on-Year, Annual average",,,,,,,,,,,,,,,,,,,,,,,,,,,,,,,,,,,,,-3.41,-0.90,0.15,0.63,0.84,-2.51,-2.76,-1.40,0.13,0.17,-3.35,-0.23,0.85,0.50,0.71,1.14,,,,,,,,,,,
MKD,962,"North Macedonia, Republic of",,"Estimated Core Inflation, Year-on-Year, Annual average",,,,,,,,,,,,,,,,,,,,,,,,,,,,,,,,,,-0.19,-0.05,0.68,1.24,-1.71,-0.47,-2.34,-1.40,-0.66,-1.39,0.98,0.19,-0.76,0.53,1.36,1.14,0.20,-0.51,0.93,,,,,,,,,,,
NOR,142,Norway,,"Estimated Core Inflation, Year-on-Year, Annual average",,,,,,,,,,,6.65,7.41,6.04,4.80,3.18,3.10,4.34,5.84,4.02,3.05,2.56,2.44,1.70,1.99,1.02,1.80,0.67,1.67,1.51,1.66,2.27,2.35,1.04,1.07,0.22,1.15,1.45,0.50,2.50,1.53,1.79,1.17,0.78,1.29,1.46,1.64,2.63,1.49,1.82,1.80,1.31,2.45,,,,,,,,,,,
OMN,449,Oman,,"Estimated Core Inflation, Year-on-Year, Annual average",,,,,,,,,,,,,,,,,,,,,,,,,,,,,,,,,-0.13,0.04,0.38,0.84,1.54,1.61,4.10,1.24,1.78,2.22,1.92,0.26,0.37,0.16,1.22,1.07,0.93,-0.13,-1.07,1.25,,,,,,,,,,,
PAK,564,Pakistan,,"Estimated Core Inflation, Year-on-Year, Annual average",,,,,,,,,,,,,,,,,,,,,,,,,,,,,,,,,,,,,,,,,3.30,3.93,4.44,2.99,2.26,0.54,1.16,1.19,2.15,2.82,2.27,2.39,,,,,,,,,,,
PLW,585,"Palau, Rep. of",,"Estimated Core Inflation, Year-on-Year, Annual average",,,,,,,,,,,,,,,,,,,,,,,,,,,,,,,,,0.26,1.58,3.60,4.33,5.51,3.36,6.53,-1.71,1.07,3.09,1.67,0.93,3.34,-0.06,-2.17,0.34,0.47,0.11,-0.16,2.50,,,,,,,,,,,
PAN,283,Panama,,"Estimated Core Inflation, Year-on-Year, Annual average",,,,,,,,,,,,,,,,,,,,,,,,,,,,,,,,,,,,,1.03,1.66,4.03,2.76,2.27,4.16,3.16,1.82,1.58,0.72,0.63,0.57,0.76,-0.40,-0.49,2.10,,,,,,,,,,,
PNG,853,Papua New Guinea,,"Estimated Core Inflation, Year-on-Year, Annual average",,,,,,,,,,,,,,,,,,,,,,,,,,,,,,,,,,,,,,,,,,,1.30,1.84,-0.68,-1.07,3.07,1.96,1.76,1.69,3.62,2.52,,,,,,,,,,,
PRY,288,Paraguay,,"Estimated Core Inflation, Year-on-Year, Annual average",,,,,,,,,,,,,,,,,,,,,,,,,,,,,,,,,,,,,2.28,1.06,2.60,1.83,0.20,1.50,1.18,0.07,1.46,1.22,1.43,1.02,2.12,1.65,1.06,,,,,,,,,,,,
PER,293,Peru,,"Estimated Core Inflation, Year-on-Year, Annual average",,,,,,,,,,,,,,,,,,,,,,,,,,,,,,,,,,,,,,,,,,,,,,,,,,,,,,,,,,,,,,,
PHL,566,Philippines,,"Estimated Core Inflation, Year-on-Year, Annual average",,,,,,,,,,,,,,,,,,,,,,,,,,,,,,,,,,,,,,,,,,,,,,,,,,,,,,,,,,,,,,,
POL,964,"Poland, Rep. of",,"Estimated Core Inflation, Year-on-Year, Annual average",,,,,,,,,,,,,,,,,,,,,,,,,,,,,,,,,,,,,,0.17,0.42,0.56,1.04,1.51,1.16,0.10,-0.06,-0.61,-0.74,0.60,0.64,0.58,0.33,2.14,,,,,,,,,,,
PRT,182,Portugal,,"Estimated Core Inflation, Year-on-Year, Annual average",,,,,,,,,,,,,,,,,,,,,,,,,,2.14,1.67,1.32,1.17,1.66,1.53,2.02,2.71,1.92,1.55,1.54,1.86,1.28,1.12,-0.57,0.65,2.07,0.65,-0.53,-0.47,0.22,0.42,0.94,0.40,0.22,-0.44,0.73,,,,,,,,,,,
QAT,453,Qatar,,"Estimated Core Inflation, Year-on-Year, Annual average",,,,,,,,,,,,,,,,,,,,,,,,,,,,,,,,,,,,,,,,,,1.17,2.25,2.17,2.34,1.35,2.40,0.54,0.75,-0.39,-1.91,2.63,,,,,,,,,,,
ROU,968,Romania,,"Estimated Core Inflation, Year-on-Year, Annual average",,,,,,,,,,,,,,,,,,,,,,,,,,,,,,,,,,,,,,,,,,,,,,,,,,,,,,,,,,,,,,,
RUS,922,Russian Federation,,"Estimated Core Inflation, Year-on-Year, Annual average",,,,,,,,,,,,,,,,,,,,,,,,,,,,,,,,,,,,-2.49,0.57,1.65,2.79,3.35,1.47,1.70,2.59,2.25,2.66,5.92,3.07,1.36,1.15,,,,,,,,,,,,,,
RWA,714,Rwanda,,"Estimated Core Inflation, Year-on-Year, Annual average",,,,,,,,,,,,,,,,,,,,,,,,,,,,,,,,,,,,-1.40,-1.35,-0.24,2.62,-2.04,1.19,0.14,-0.30,0.75,-0.24,-0.07,0.73,2.45,-1.70,0.87,2.48,-0.03,,,,,,,,,,,
WSM,882,Samoa,,"Estimated Core Inflation, Year-on-Year, Annual average",,,,,,,,,,,,,,,,,,,,,,,,,,,,,,,,,,,,,0.16,-1.05,0.38,-3.54,-0.01,2.19,0.35,0.94,-0.37,2.34,4.05,1.35,2.44,-1.20,1.38,0.49,,,,,,,,,,,
SMR,674,"San Marino, Rep. of",,"Estimated Core Inflation, Year-on-Year, Annual average",,,,,,,,,,,,,,,,,,,,,,,,,,,,,,,,,,,,,,,,,,,1.71,0.47,0.37,-0.46,0.29,0.65,,,,,,,,,,,,,,,
SAU,456,Saudi Arabia,,"Estimated Core Inflation, Year-on-Year, Annual average",,,,,,,,,,,,,,,,,,,,,,,,,,,,,,,,,,,,,,,,,,,,,1.07,0.64,1.40,-0.55,1.47,-0.87,,,,,,,,,,,,,
SEN,722,Senegal,,"Estimated Core Inflation, Year-on-Year, Annual average",,,,,,,,,,,,,,,,,,,,,,,,,,,,,,,,0.07,-0.28,-0.42,-0.03,0.06,0.13,-1.11,2.38,-1.13,-0.77,0.18,0.53,0.38,1.09,0.42,0.35,0.56,0.01,0.87,0.50,,,,,,,,,,,,
SRB,942,"Serbia, Rep. of",,"Estimated Core Inflation, Year-on-Year, Annual average",,,,,,,,,,,,,,,,,,,,,,,,,,,,,,,,,,,,,,,1.77,1.36,1.64,0.97,2.18,2.45,0.58,-0.52,0.50,1.37,0.80,0.55,0.12,1.05,,,,,,,,,,,
SYC,718,Seychelles,,"Estimated Core Inflation, Year-on-Year, Annual average",,,,,,,,,,,,,,,,,,,,,,,,,,,,,,,,,,,,,,,7.44,16.51,-2.29,1.06,1.23,1.70,0.92,4.27,0.28,0.89,2.18,0.72,-2.51,,,,,,,,,,,,
SLE,724,Sierra Leone,,"Estimated Core Inflation, Year-on-Year, Annual average",,,,,,,,,,,,,,,,,,,,,,,,,,,,,,,,,,,,,,,1.03,1.47,1.33,1.42,1.80,1.45,1.26,1.96,2.75,5.47,3.57,6.14,6.40,1.63,,,,,,,,,,,
SGP,576,Singapore,,"Estimated Core Inflation, Year-on-Year, Annual average",,,,,,,,,,,,,,,,,,,,,,,,,,,,,,,,,,,,,,,,,,,,,,,,,,0.56,-0.36,2.10,,,,,,,,,,,
SXM,534,"Sint Maarten, Kingdom of the Netherlands",,"Estimated Core Inflation, Year-on-Year, Annual average",,,,,,,,,,,,,,,,,,,,,,,,,,,,,,,,,,,,,,,,,,,,,,,,,,,,,,,,,,,,,,,
SVK,936,Slovak Rep.,,"Estimated Core Inflation, Year-on-Year, Annual average",,,,,,,,,,,,,,,,,,,,,,,,,,,,,,,,,,3.66,3.29,1.50,2.24,1.18,2.21,1.08,0.64,1.98,2.26,0.75,0.17,-0.11,0.18,0.84,1.47,1.30,1.00,2.52,,,,,,,,,,,
SVN,961,"Slovenia, Rep. of",,"Estimated Core Inflation, Year-on-Year, Annual average",,,,,,,,,,,,,,,,,,,,,,,,,,,,,,,,3.97,4.35,3.26,2.05,1.00,1.16,1.84,2.22,0.80,0.01,0.10,1.28,0.64,0.23,-0.45,-0.04,0.61,0.58,0.65,-0.44,1.07,,,,,,,,,,,
SLB,90,Solomon Islands,,"Estimated Core Inflation, Year-on-Year, Annual average",,,,,,,,,,,,,,,,,,,,,,,,,,,,,,,,,,,,,,,,,,,,,,,,,1.98,-0.15,2.57,-0.31,,,,,,,,,,,
SOM,706,Somalia,,"Estimated Core Inflation, Year-on-Year, Annual average",,,,,,,,,,,,,,,,,,,,,,,,,,,,,,,,,,,,,,,,,,,,,,,0.44,-0.99,0.30,2.66,1.01,0.32,,,,,,,,,,,
ZAF,199,South Africa,,"Estimated Core Inflation, Year-on-Year, Annual average",,,,,,,,,,,,,,,,,,,,,,,,,,,,,,,,,,,,,,,,4.01,2.65,2.47,3.24,3.71,3.65,2.57,3.38,3.13,3.13,2.66,1.81,2.98,,,,,,,,,,,
SSD,728,"South Sudan, Rep. of",,"Estimated Core Inflation, Year-on-Year, Annual average",,,,,,,,,,,,,,,,,,,,,,,,,,,,,,,,,,,,,,,,-2.48,3.07,-7.77,-16.75,8.42,-9.00,-10.49,-164.66,-91.57,-43.82,-69.26,2.07,,,,,,,,,,,,
ESP,184,Spain,,"Estimated Core Inflation, Year-on-Year, Annual average",,,,,,,,,,,,,,,,,,,,,,,,,,,,,,,,,,1.51,1.37,1.45,1.14,1.16,1.54,-0.33,1.30,1.51,1.10,0.73,-0.34,-0.32,0.33,0.94,0.90,0.78,-0.09,0.03,,,,,,,,,,,
LKA,524,Sri Lanka,,"Estimated Core Inflation, Year-on-Year, Annual average",,,,,,,,,,,,,,,,,,,,,,,,,,,,,,,,,,,,,,,,,,,,,,-0.37,2.55,2.34,1.67,-0.29,0.43,1.60,,,,,,,,,,,
KNA,361,St. Kitts and Nevis,,"Estimated Core Inflation, Year-on-Year, Annual average",,,,,,,,,,,,,,,,,,,,,,,,,,,,,,,,,,,,,,3.42,3.20,1.61,1.16,4.00,0.39,0.80,0.25,-0.42,0.37,0.70,-1.24,-0.56,-1.18,1.09,,,,,,,,,,,
LCA,362,St. Lucia,,"Estimated Core Inflation, Year-on-Year, Annual average",,,,,,,,,,,,,,,,,,,,,,,,,,,,,,,,,,,,,,,2.07,0.21,1.71,1.52,2.23,1.23,1.57,-2.84,-1.32,-0.45,-2.58,0.48,-0.25,0.55,,,,,,,,,,,
VCT,364,St. Vincent and the Grenadines,,"Estimated Core Inflation, Year-on-Year, Annual average",,,,,,,,,,,,,,,,,,,,,,,,,,,,,,,,,,,,,,,,,,,1.34,0.31,-0.14,-0.30,0.32,1.27,1.27,0.62,-0.47,0.54,,,,,,,,,,,
SDN,732,Sudan,,"Estimated Core Inflation, Year-on-Year, Annual average",,,,,,,,,,,,,,,,,,,,,,,,,,,,,,,,,,,,,,,,,,,,,,-4.54,-1.17,1.08,6.78,-9.33,-7.07,-10.33,,,,,,,,,,,
SUR,366,Suriname,,"Estimated Core Inflation, Year-on-Year, Annual average",,,,,,,,,,,,,,,,,,,,,,,,,,,,,,,,,,,,,4.23,2.85,1.64,-0.95,2.23,9.19,-0.02,-0.92,-1.05,-6.38,19.14,12.46,,,18.79,22.48,,,,,,,,,,,
SWE,144,Sweden,,"Estimated Core Inflation, Year-on-Year, Annual average",,,,,,,,,,,,,,,,,,,,,,,,,,1.89,1.27,0.70,-0.17,0.49,0.80,1.49,1.32,1.31,0.41,0.50,0.79,1.42,1.64,-0.17,0.98,1.57,0.50,-0.24,-0.11,-0.02,0.72,1.14,1.11,0.98,0.22,1.49,,,,,,,,,,,
CHE,146,Switzerland,,"Estimated Core Inflation, Year-on-Year, Annual average",,,,,,,,,,,,,,,,,,,,,,,,2.65,0.75,1.46,0.62,0.31,0.01,0.69,0.95,0.49,0.36,0.44,0.55,0.91,0.76,0.44,1.54,-0.34,0.54,0.32,-0.68,-0.36,-0.22,-0.99,-0.47,0.36,0.66,0.31,-0.71,0.60,2.10,,,,,,,,,,
SYR,463,Syrian Arab Rep.,,"Estimated Core Inflation, Year-on-Year, Annual average",,,,,,,,,,,,,,,,,,,,,,,,,,,,,,,,,,,,,,,,,,,,,,,,,,,,,,,,,,,,,,,
STP,716,São Tomé and Principe,,"Estimated Core Inflation, Year-on-Year, Annual average",,,,,,,,,,,,,,,,,,,,,,,,,,,,,,,,,,,,,,,,,,,,,,,,-0.21,-1.75,,,,,,,,,,,,,,
TJK,923,"Tajikistan, Rep. of",,"Estimated Core Inflation, Year-on-Year, Annual average",,,,,,,,,,,,,,,,,,,,,,,,,,,,,,,,,,,,,,,,,,,,,,,,,,,,,,,,,,,,,,,
TZA,738,"Tanzania, United Rep. of",,"Estimated Core Inflation, Year-on-Year, Annual average",,,,,,,,,,,,,,,,,,,,,,,,,,,,,,,,,,,,,,,,,,,,,,,,,,,,,,,,,,,,,,,
THA,578,Thailand,,"Estimated Core Inflation, Year-on-Year, Annual average",,,,,,,,,,,,,,,,,,,,,,,,,,,,,,,,,,,,,,,,,,,0.28,0.41,0.11,-1.48,-0.02,0.61,0.54,-0.28,-0.92,1.97,1.37,,,,,,,,,,
TLS,537,Timor-Leste,,"Estimated Core Inflation, Year-on-Year, Annual average",,,,,,,,,,,,,,,,,,,,,,,,,,,,,,,,,,,,,,,,,,,,,-0.40,0.86,0.76,0.36,0.53,0.13,,,,,,,,,,,,,
TGO,742,Togo,,"Estimated Core Inflation, Year-on-Year, Annual average",,,,,,,,,,,,,,,,,,,,,,,,,,,,,0.71,2.05,2.31,2.11,1.22,0.11,0.72,2.80,0.49,-0.43,2.08,0.57,1.26,1.46,-0.11,1.06,0.63,1.09,0.20,-0.31,1.04,1.01,-0.01,,,,,,,,,,,,
TON,866,Tonga,,"Estimated Core Inflation, Year-on-Year, Annual average",,,,,,,,,,,,,,,,,,,,,,,,,,,,,,,,,,,,,-1.33,0.52,5.50,-4.15,2.92,4.28,0.58,-0.59,0.52,-1.87,1.00,-0.94,0.58,0.32,0.94,0.38,,,,,,,,,,,
TTO,369,Trinidad and Tobago,,"Estimated Core Inflation, Year-on-Year, Annual average",,,,,,,,,,,,,,,,,,,,,,,,,,,,,,,,,,,0.92,2.29,3.63,3.99,6.37,3.89,6.51,2.99,5.39,3.60,3.75,3.02,1.84,1.36,0.72,0.91,0.11,1.30,,,,,,,,,,,
TUN,744,Tunisia,,"Estimated Core Inflation, Year-on-Year, Annual average",,,,,,,,,,,,,,,,,,,,,,,,,,,,,,,,,,,,,0.87,0.55,0.89,0.72,1.33,1.21,2.01,2.40,1.92,1.94,1.63,2.43,4.14,3.66,3.17,2.74,,,,,,,,,,,
TUV,869,Tuvalu,,"Estimated Core Inflation, Year-on-Year, Annual average",,,,,,,,,,,,,,,,,,,,,,,,,,,,,,,,,,,,,,,,,,,,,,,,,,,,,,,,,,,,,,,
TUR,186,"Türkiye, Rep of",,"Estimated Core Inflation, Year-on-Year, Annual average",,,,,,,,,,,,,,,,,,,,,,,,,,,,,,,,,,,,,3.41,2.03,1.16,1.53,3.92,3.25,3.68,3.57,4.38,3.12,4.85,6.63,8.55,7.50,6.30,8.70,,,,,,,,,,,
UGA,746,Uganda,,"Estimated Core Inflation, Year-on-Year, Annual average",,,,,,,,,,,,,,,,,,,,,,,,,,,,,,,,,,,,,,,,,,,,,,,,,,,,,,,,,,,,,,,
UKR,926,Ukraine,,"Estimated Core Inflation, Year-on-Year, Annual average",,,,,,,,,,,,,,,,,,,,,,,,,,,,,,,,,,,,,,,,,,,,,,,,-2.12,3.30,0.64,2.84,-5.35,,,,,,,,,,,
ARE,466,United Arab Emirates,,"Estimated Core Inflation, Year-on-Year, Annual average",,,,,,,,,,,,,,,,,,,,,,,,,,,,,,,,,,,,,,,,1.39,0.30,0.40,0.29,0.69,1.61,2.67,0.97,1.67,3.01,-0.99,-2.08,,,,,,,,,,,,
GBR,112,United Kingdom,,"Estimated Core Inflation, Year-on-Year, Annual average",,,,,,,,,,,,,,,,,,,,3.47,4.55,5.10,3.25,1.85,1.56,1.62,1.73,1.77,1.34,1.32,0.98,0.81,1.15,1.06,1.08,1.58,1.89,1.72,2.32,1.24,2.23,3.09,2.04,1.76,1.29,0.48,1.07,2.21,1.97,1.49,0.86,2.30,,,,,,,,,,,
USA,111,United States,,"Estimated Core Inflation, Year-on-Year, Annual average",,,,,,,,,,,,,,,,,,,,,,,,,,,,,,,,,,,,,,,,,,2.66,1.73,1.18,1.14,-0.17,1.14,1.87,2.16,1.53,0.80,4.20,,,,,,,,,,,
URY,298,Uruguay,,"Estimated Core Inflation, Year-on-Year, Annual average",,,,,,,,,,,,,,,,,,,,,,,,,,,,,,,,,,,,,2.81,1.60,1.40,2.93,2.84,2.93,3.50,3.00,3.80,4.08,4.72,3.24,3.85,4.05,4.29,3.90,,,,,,,,,,,
UZB,927,"Uzbekistan, Rep. of",,"Estimated Core Inflation, Year-on-Year, Annual average",,,,,,,,,,,,,,,,,,,,,,,,,,,,,,,,,,,,,,,,,,,,,,,,,,,,2.46,,,,,,,,,,,
VUT,846,Vanuatu,,"Estimated Core Inflation, Year-on-Year, Annual average",,,,,,,,,,,,,,,,,,,,,,,,,,,,,,1.49,0.85,-0.14,1.60,2.46,0.37,0.13,-0.05,1.05,1.27,1.14,0.37,0.05,0.72,0.02,0.15,0.39,1.00,0.45,0.14,0.39,0.95,0.79,,,,,,,,,,,
VEN,299,"Venezuela, Rep. Bolivariana de",,"Estimated Core Inflation, Year-on-Year, Annual average",,,,,,,,,,,,,,,,,,,,,,,,,,,,,,,,,,,,,,,,,,,,,,,,,,,,,,,,,,,,,,,
VNM,582,Vietnam,,"Estimated Core Inflation, Year-on-Year, Annual average",,,,,,,,,,,,,,,,,,,,,,,,,,,,,,,,,,-0.59,0.91,1.65,1.17,0.30,2.36,2.50,0.02,1.91,2.44,3.92,1.29,0.68,0.91,2.36,1.17,0.23,-0.89,1.00,1.25,,,,,,,,,,
PSE,488,West Bank and Gaza,,"Estimated Core Inflation, Year-on-Year, Annual average",,,,,,,,,,,,,,,,,,,,,,,,,,,,,1.12,0.92,-1.24,-0.74,1.37,1.59,0.83,-1.64,0.01,1.05,0.52,1.67,0.54,0.86,0.51,-0.02,0.45,2.74,1.22,-0.64,-0.24,0.68,-0.22,-0.03,,,,,,,,,,,
YEM,474,"Yemen, Rep. of",,"Estimated Core Inflation, Year-on-Year, Annual average",,,,,,,,,,,,,,,,,,,,,,,,,,,,,,,,,,,,,,,,,,,,,,,,,,,,,,,,,,,,,,,
ZMB,754,Zambia,,"Estimated Core Inflation, Year-on-Year, Annual average",,,,,,,,,,,,,,,,,,,,,,,,,,,,,,,,,,,,,,,,,,,,-1.03,-1.27,0.14,3.60,-2.34,-2.37,0.52,-3.02,-2.69,-0.33,,,,,,,,,,
ZWE,698,Zimbabwe,,"Estimated Core Inflation, Year-on-Year, Annual average",,,,,,,,,,,,,,,,,,,,,,,,,,,,,,,,,,,,,,,,,-0.75,0.76,-1.50,-0.43,0.55,-0.44,0.37,0.51,5.30,113.83,273.45,43.63,,,,,,,,,,,
,,,,,,,,,,,,,,,,,,,,,,,,,,,,,,,,,,,,,,,,,,,,,,,,,,,,,,,,,,,,,,,,,,,
"Note: Please see Ha, Kose, and Ohnsorge (2021) for technical details about the estimation. ",,,,,,,,,,,,,,,,,,,,,,,,,,,,,,,,,,,,,,,,,,,,,,,,,,,,,,,,,,,,,,,,,,,
